"ID","Sire","Dam"
"131",NA,NA
"157",NA,NA
"171",NA,NA
"272",NA,NA
"347",NA,NA
"362",NA,NA
"405",NA,NA
"406",NA,NA
"452",NA,NA
"498",NA,NA
"533",NA,NA
"540",NA,NA
"541",NA,NA
"542",NA,NA
"600",NA,NA
"633",NA,NA
"647",NA,NA
"736",NA,NA
"866",NA,NA
"915",NA,NA
"1046",NA,NA
"1072",NA,NA
"1092",NA,NA
"1109",NA,NA
"1163",NA,NA
"1178",NA,NA
"1490",NA,NA
"1498",NA,NA
"1551",NA,NA
"1553",NA,NA
"1554",NA,NA
"1557",NA,NA
"1562",NA,NA
"1572",NA,NA
"1578",NA,NA
"1580",NA,NA
"1587",NA,NA
"1652",NA,NA
"1657",NA,NA
"1666",NA,NA
"1669",NA,NA
"1670",NA,NA
"1671",NA,NA
"1672",NA,NA
"1673",NA,NA
"1674",NA,NA
"1675",NA,NA
"1677",NA,NA
"1679",NA,NA
"1680",NA,NA
"1682",NA,NA
"1685",NA,NA
"1686",NA,NA
"1687",NA,NA
"1688",NA,NA
"1689",NA,NA
"1692",NA,NA
"1693",NA,NA
"1694",NA,NA
"1698",NA,NA
"1699",NA,NA
"1700",NA,NA
"1703",NA,NA
"1704",NA,NA
"1706",NA,NA
"1707",NA,NA
"1708",NA,NA
"1711",NA,NA
"1712",NA,NA
"1713",NA,NA
"1714",NA,NA
"1716",NA,NA
"1717",NA,NA
"1718",NA,NA
"1719",NA,NA
"1723",NA,NA
"1724",NA,NA
"1742",NA,NA
"1745",NA,NA
"1746",NA,NA
"1747",NA,NA
"1748",NA,NA
"1750",NA,NA
"1751",NA,NA
"1752",NA,NA
"1753",NA,NA
"1754",NA,NA
"1756",NA,NA
"1757",NA,NA
"1759",NA,NA
"1761",NA,NA
"1990",NA,NA
"1996",NA,NA
"2020",NA,NA
"2084",NA,NA
"2147",NA,NA
"2338",NA,NA
"2410",NA,NA
"2417",NA,NA
"2444",NA,NA
"2478",NA,NA
"2487",NA,NA
"2599",NA,NA
"2899",NA,NA
"2948",NA,NA
"2949",NA,NA
"2977",NA,NA
"3022",NA,NA
"3060",NA,NA
"3189",NA,NA
"3290",NA,NA
"3373",NA,NA
"3405",NA,NA
"3415",NA,NA
"3453",NA,NA
"3526",NA,NA
"3599",NA,NA
"3629",NA,NA
"3883",NA,NA
"3924",NA,NA
"4187",NA,NA
"4211",NA,NA
"4256",NA,NA
"4286",NA,NA
"4321",NA,NA
"4357",NA,NA
"4447",NA,NA
"4498",NA,NA
"4514",NA,NA
"4652",NA,NA
"4666",NA,NA
"4766",NA,NA
"4909",NA,NA
"4916",NA,NA
"4972",NA,NA
"5081",NA,NA
"5110",NA,NA
"5126",NA,NA
"5174",NA,NA
"5255",NA,NA
"5268",NA,NA
"5421",NA,NA
"5677",NA,NA
"5680",NA,NA
"5714",NA,NA
"5725",NA,NA
"125",NA,"131"
"126",NA,"131"
"223","2417",NA
"341",NA,"347"
"343",NA,"347"
"396","1178",NA
"397",NA,"405"
"399",NA,"405"
"403",NA,"405"
"404",NA,"405"
"462",NA,"4916"
"475","1178",NA
"536",NA,"541"
"592",NA,"600"
"598",NA,"600"
"645",NA,"647"
"861",NA,"866"
"863",NA,"866"
"864",NA,"866"
"865",NA,"866"
"908",NA,"915"
"909",NA,"915"
"913",NA,"915"
"914",NA,"915"
"983","171",NA
"1040",NA,"1046"
"1070",NA,"1498"
"1107",NA,"1109"
"1108",NA,"1109"
"1110","5110",NA
"1168",NA,"1163"
"1171",NA,"1163"
"1172",NA,"1163"
"1175",NA,"1163"
"1176",NA,"1163"
"1177",NA,"1580"
"1651","1753",NA
"1676","1178",NA
"1701","1757",NA
"1725","171",NA
"1726","5677",NA
"1763","533",NA
"1913","2949",NA
"1985",NA,"1990"
"2079",NA,"2084"
"2082",NA,"2084"
"2083",NA,"2084"
"2335",NA,"2338"
"2336",NA,"2338"
"2408",NA,"2410"
"2409",NA,"2410"
"2757","1704",NA
"2942",NA,"3405"
"2965",NA,"2977"
"2969",NA,"2977"
"2974",NA,"2977"
"3054",NA,"3060"
"3055",NA,"3060"
"3056",NA,"3060"
"3065","633",NA
"3206","1557",NA
"3408",NA,"3415"
"3409",NA,"3415"
"3431","2948",NA
"3524",NA,"3526"
"3525",NA,"3526"
"3724","1562",NA
"3857","2948",NA
"4125","3599",NA
"4179",NA,"4187"
"4180",NA,"4187"
"4181",NA,"4187"
"4185",NA,"4187"
"4200",NA,"4211"
"4203",NA,"4211"
"4205",NA,"4211"
"4206",NA,"4211"
"4207",NA,"4211"
"4208",NA,"4211"
"4210",NA,"4211"
"4254",NA,"4256"
"4282",NA,"4286"
"4284",NA,"4286"
"4421","1551",NA
"4423","1688",NA
"4645",NA,"4652"
"4647",NA,"4652"
"4651",NA,"4652"
"4663",NA,"4666"
"4752","1754",NA
"4773","1746",NA
"4811","1747",NA
"5122",NA,"5126"
"5124",NA,"5126"
"5125",NA,"5126"
"5253",NA,"5255"
"5260",NA,"5268"
"5261",NA,"5268"
"5463",NA,"5714"
"5679","2444",NA
"5708",NA,"5714"
"5713",NA,"5714"
"398","1178","405"
"401","736","405"
"402","2020","405"
"593","1704","600"
"594","1178","600"
"595","1711","600"
"860","1750","866"
"862","3924","866"
"906","1747","915"
"910","5680","915"
"911","5680","915"
"1169","2487","1163"
"2081","2487","2084"
"2331","1178","2338"
"2402","4972","2410"
"2406","2487","2410"
"2407","2487","2410"
"2968","1748","2977"
"2970","1757","2977"
"3286","1178","3290"
"3407","1178","3415"
"3412","1711","3415"
"3452","1711","3453"
"3973","1178","600"
"4177","2487","4187"
"4178","4357","4187"
"4198","1711","4211"
"4201","2487","4211"
"4281","4447","4286"
"4583","1707","1657"
"4662","1704","3453"
"5116","633","5126"
"5119","1711","5126"
"5120","1671","5126"
"5121","1704","5126"
"5247","1178","5255"
"5248","1178","5255"
"5249","1711","5255"
"5251","736","5255"
"5252","736","5255"
"5262","1996","5268"
"5263","5680","5268"
"5264","5680","5268"
"5706","2487","5714"
"5709","5680","5714"
"5710","1723","5714"
"32",NA,"3431"
"386",NA,"396"
"388",NA,"396"
"392",NA,"396"
"1063",NA,"3724"
"1715",NA,"4421"
"1762",NA,"4421"
"1941",NA,"1651"
"3712",NA,"3724"
"3714",NA,"3724"
"3719",NA,"3724"
"4418",NA,"4421"
"4419",NA,"4421"
"5410","4647",NA
"389","736","396"
"981","4357","983"
"1667","4663","4421"
"2973","399","2977"
"3717","1092","3724"
"4410","1723","4421"
"5254","1070","5255"
"65",NA,"126"
"211",NA,"5264"
"216",NA,"5264"
"257",NA,"5248"
"259",NA,"5248"
"320",NA,"397"
"321",NA,"397"
"322",NA,"397"
"324",NA,"397"
"325",NA,"397"
"349","4583",NA
"489",NA,"1985"
"492",NA,"1985"
"493",NA,"1985"
"495",NA,"1985"
"571",NA,"3286"
"572",NA,"3286"
"674",NA,"1040"
"805",NA,"398"
"806",NA,"398"
"810",NA,"398"
"925",NA,"908"
"930",NA,"908"
"1071","595",NA
"1087",NA,"4281"
"1146",NA,"910"
"1149",NA,"910"
"1225",NA,"5260"
"1568","4583",NA
"1664","2970",NA
"1690","2081",NA
"1710","1110",NA
"1758","2970",NA
"1797",NA,"401"
"1798",NA,"401"
"1810",NA,"1107"
"1881",NA,"5706"
"1882",NA,"5706"
"1884",NA,"5706"
"2124",NA,"593"
"2125",NA,"593"
"2126",NA,"593"
"2127",NA,"593"
"2128",NA,"593"
"2164",NA,"3055"
"2193","906",NA
"2327",NA,"2331"
"2396",NA,"2406"
"2400",NA,"2406"
"2519",NA,"402"
"2781",NA,"594"
"2782",NA,"594"
"2784",NA,"594"
"2785",NA,"594"
"2787",NA,"594"
"2788",NA,"594"
"2791",NA,"594"
"2792",NA,"594"
"2945",NA,"1168"
"2946",NA,"1168"
"2947",NA,"1168"
"3138",NA,"3408"
"3139",NA,"3408"
"3162",NA,"3412"
"3164",NA,"3412"
"3374",NA,"862"
"3380",NA,"3407"
"3383","3857",NA
"3396",NA,"3407"
"3404",NA,"3407"
"3427",NA,"3409"
"3428",NA,"3409"
"3430",NA,"3409"
"3441",NA,"1171"
"3458",NA,"5247"
"3460",NA,"5247"
"3461",NA,"5247"
"3607",NA,"592"
"3608",NA,"592"
"3612",NA,"592"
"3869",NA,"4645"
"3870",NA,"4645"
"3875",NA,"4645"
"3892",NA,"2083"
"3944",NA,"5121"
"3965",NA,"3973"
"3967",NA,"3973"
"4136",NA,"5709"
"4196",NA,"4282"
"4241","4583",NA
"4529",NA,"2965"
"4634",NA,"2407"
"4636",NA,"2407"
"4637",NA,"2407"
"4901",NA,"536"
"4939",NA,"5119"
"4940",NA,"5119"
"5029",NA,"909"
"5087",NA,"5116"
"5089",NA,"5116"
"5090",NA,"5116"
"5298",NA,"4200"
"5299",NA,"4200"
"5347",NA,"3054"
"5348",NA,"3054"
"5445",NA,"5251"
"5448",NA,"5251"
"5449",NA,"5251"
"5450",NA,"5251"
"5457",NA,"5463"
"5459",NA,"5463"
"5460",NA,"5463"
"5469",NA,"3524"
"5470",NA,"3524"
"5690",NA,"2402"
"5692",NA,"2402"
"5693",NA,"2402"
"256","2020","5248"
"263","2417","5248"
"264","2417","5248"
"323","5680","397"
"342","4662","347"
"393","5120","396"
"513","5110","2079"
"514","4357","2079"
"518","4909","2079"
"537","1756","536"
"568","2487","3286"
"570","5680","3286"
"596","1676","600"
"807","1753","398"
"811","4663","398"
"816","2757","1651"
"884","3883","911"
"887","1688","911"
"928","3883","908"
"982","2757","983"
"1147","3883","910"
"1173","3206","1163"
"1174","3206","1163"
"1223","3883","5260"
"1229","5124","5260"
"1691","4583","1651"
"1709","2417","860"
"1799","3883","401"
"2123","2020","593"
"2167","3189","3055"
"2325","3924","2331"
"2326","3924","2331"
"2329","4663","2331"
"2395","5680","2406"
"2783","1996","594"
"2786","4357","594"
"2937","399","2942"
"2943","1761","1168"
"3057","475","3060"
"3137","1711","3408"
"3382","1750","3407"
"3401","3924","3407"
"3403","399","3407"
"3439","3883","1171"
"3454","736","5247"
"3455","1671","5247"
"3456","4766","5247"
"3462","399","5247"
"3512","1092","4179"
"3609","5680","592"
"3611","5680","592"
"3628","3206","3453"
"3715","3206","3724"
"3716","3206","3724"
"3720","1169","3724"
"3867","1756","4645"
"3868","3629","4645"
"3874","3189","4645"
"3940","1072","5121"
"3942","2417","5121"
"3945","1718","5121"
"3964","1671","3973"
"4137","1752","5709"
"4182","3206","4187"
"4414","3206","4421"
"4466","1070","860"
"4468","399","860"
"4469","2417","860"
"4893","1711","536"
"4894","1711","536"
"4898","1072","536"
"4900","1723","536"
"4944","2417","5119"
"4945","2147","5119"
"4962","3883","5708"
"4964","1716","5708"
"5028","399","909"
"5082","736","5116"
"5084","3924","5116"
"5265","3206","5268"
"5267","1169","5268"
"5297","1748","4200"
"5444","399","5251"
"5455","1704","5463"
"5456","633","5463"
"5462","1108","5463"
"5687","1719","2402"
"5688","2487","2402"
"5689","4357","2402"
"5711","3206","5714"
"258","475","5248"
"260","475","5248"
"261","4201","5248"
"262","475","5248"
"515","4811","2079"
"516","3206","2079"
"813","1169","398"
"886","3065","911"
"927","1169","908"
"1091","5120","4281"
"1148","3065","910"
"1226","3206","5260"
"1811","4177","1107"
"1883","2757","5706"
"1885","2970","5706"
"2397","475","2406"
"2521","4178","402"
"2789","5249","594"
"2944","3206","1168"
"3377","3065","862"
"3437","3206","1171"
"3438","3206","1171"
"3457","475","5247"
"3459","4198","5247"
"3510","3206","4179"
"3941","475","5121"
"3968","4662","3973"
"3969","4201","3973"
"4465","475","860"
"4635","3206","2407"
"4938","1676","5119"
"4943","475","5119"
"4961","2757","5708"
"4963","906","5708"
"4967","5679","5708"
"5031","3065","909"
"5085","475","5116"
"5086","1725","5116"
"5088","475","5116"
"5301","3206","4200"
"5302","3206","4200"
"5303","1169","4200"
"5304","3206","4200"
"5305","1169","4200"
"5307","5679","4200"
"5322","906","125"
"5447","5249","5251"
"5458","3206","5463"
"5466","3206","3524"
"5496","2757","3452"
"5691","3206","2402"
"1653","1941",NA
"365",NA,"386"
"366",NA,"386"
"367",NA,"386"
"368",NA,"386"
"579",NA,"596"
"1054",NA,"1063"
"1057",NA,"1063"
"1058",NA,"1063"
"1162","5254",NA
"1729","807",NA
"1730","5688",NA
"1739","5688",NA
"1749","263",NA
"2133",NA,"5265"
"2819",NA,"389"
"3725",NA,"3712"
"3726",NA,"3712"
"3728",NA,"4419"
"3823",NA,"4414"
"4340",NA,"1173"
"4407",NA,"392"
"4585","807",NA
"5003",NA,"3719"
"369","2417","386"
"391","5688","396"
"580","5680","596"
"783","399","981"
"1056","4357","1063"
"1061","3883","1063"
"1126","2417","342"
"1127","4663","342"
"1130","2147","342"
"1807","263","1664"
"2823","1718","389"
"2979","2417","3057"
"2983","1714","3057"
"3819","1092","4414"
"3825","362","4414"
"3826","362","4414"
"4031","4663","3717"
"4183","4410","4187"
"4184","256","4187"
"213","807","5264"
"265","323","5248"
"370","5120","386"
"371","5249","386"
"581","5688","596"
"582","3065","596"
"586","3065","596"
"885","2943","911"
"926","4410","908"
"1059","3206","1063"
"1060","4410","1063"
"1132","2970","342"
"2086","323","4185"
"2520","3137","402"
"2522","5688","402"
"2529","5028","402"
"2818","3206","389"
"2821","2783","389"
"2824","1709","389"
"2978","5084","3057"
"2980","2783","3057"
"3166","5084","3412"
"3440","5084","1171"
"3511","4410","4179"
"3515","514","4179"
"3970","3137","3973"
"4337","3065","1173"
"4338","906","1173"
"4339","2943","1173"
"4341","323","1173"
"4343","514","1173"
"4470","2973","860"
"4673","3611","4254"
"4968","263","5708"
"4969","514","5708"
"20",NA,"3455"
"21",NA,"3455"
"89",NA,"2789"
"188",NA,"5082"
"190",NA,"5082"
"202",NA,"4963"
"480",NA,"2325"
"484",NA,"537"
"486",NA,"537"
"487",NA,"537"
"502",NA,"489"
"503",NA,"489"
"504",NA,"489"
"535","4241",NA
"660",NA,"5456"
"663",NA,"5456"
"664",NA,"5456"
"672",NA,"4635"
"1133","4241",NA
"1662","5691",NA
"1695","2944",NA
"1727","2944",NA
"1733","816",NA
"1736","816",NA
"2032",NA,"805"
"2098",NA,"5301"
"2175",NA,"3380"
"2176",NA,"3380"
"2293",NA,"3969"
"2451",NA,"3457"
"2452",NA,"3457"
"2629",NA,"5302"
"2634",NA,"5302"
"2750",NA,"320"
"2752",NA,"320"
"2780","349",NA
"2878",NA,"3401"
"2922",NA,"3454"
"2926",NA,"3454"
"2928","3715",NA
"2959",NA,"3964"
"3129",NA,"5689"
"3613",NA,"3609"
"3838",NA,"261"
"3846",NA,"3512"
"3919",NA,"4893"
"3920",NA,"4893"
"3922",NA,"4893"
"4021",NA,"3867"
"4025",NA,"3867"
"4029",NA,"3867"
"4386",NA,"928"
"4460",NA,"5448"
"4524",NA,"3396"
"4525",NA,"3396"
"4838",NA,"4964"
"4919",NA,"4894"
"4921",NA,"4894"
"5100",NA,"2395"
"5105",NA,"2395"
"5168",NA,"3510"
"5216",NA,"5085"
"5412",NA,"5458"
"5413",NA,"5458"
"5426",NA,"5444"
"5431",NA,"5444"
"5436",NA,"1223"
"5522","349",NA
"93","4418","2789"
"112","5081","4967"
"114","1742","4967"
"116","1703","4967"
"117","1669","4967"
"118","1686","4967"
"192","399","5082"
"353","1762","5466"
"476","399","2325"
"483","4357","537"
"880","2478","568"
"1915","5086","1572"
"1932","1108","1885"
"2064","5124","3942"
"2102","362","5301"
"2173","1072","3380"
"2174","1761","3380"
"2177","2417","3380"
"2218","1717","4961"
"2219","1694","4961"
"2270","4909","3968"
"2296","4418","3969"
"2454","1715","3457"
"2632","1146","5302"
"2739","1177","5496"
"2753","1092","320"
"2923","3883","3454"
"2924","2417","3454"
"2961","5124","3964"
"3006","2417","5088"
"3010","3189","5088"
"3126","1553","5689"
"3199","399","3382"
"3200","2417","3382"
"3201","2417","3382"
"3202","2147","3382"
"3270","4357","5687"
"3272","4357","5687"
"3273","3883","5687"
"3834","3189","261"
"3850","1669","3512"
"3851","5174","3512"
"3853","3373","3512"
"3918","1671","4893"
"4022","3883","3867"
"4222","3883","3437"
"4552","2949","2937"
"4839","462","4964"
"4841","1669","4964"
"4920","4357","4894"
"5061","1177","5031"
"5101","3883","2395"
"5172","5081","3510"
"5214","2417","5085"
"5337","5174","886"
"5430","3189","5444"
"5438","5124","1223"
"5472","2417","260"
"5473","2147","260"
"91","5028","2789"
"111","5410","4967"
"189","1676","5082"
"214","4241","5264"
"218","1691","5264"
"266","4182","5248"
"352","3065","5466"
"477","5120","2325"
"488","5455","537"
"584","4938","596"
"587","5711","596"
"588","5711","596"
"661","906","5456"
"662","906","5456"
"668","514","5456"
"671","3065","4635"
"881","3206","568"
"882","5455","568"
"929","3628","908"
"1101","4410","3868"
"1102","4177","3868"
"1128","4182","342"
"1129","4938","342"
"1136","263","3377"
"1139","1229","3377"
"1227","3628","5260"
"1228","4182","5260"
"1721","514","5458"
"1931","514","1885"
"2031","4410","805"
"2072","1229","3942"
"2087","4241","4185"
"2089","1071","4185"
"2096","1169","5301"
"2099","4125","5301"
"2137","4241","5265"
"2215","1701","4961"
"2217","514","4961"
"2267","513","3968"
"2268","3065","3968"
"2295","5028","3969"
"2401","4938","2406"
"2453","4898","3457"
"2523","4938","402"
"2524","4938","402"
"2525","4938","402"
"2526","5711","402"
"2527","5304","402"
"2528","5304","402"
"2530","5304","402"
"2611","5086","5263"
"2618","3065","811"
"2620","5028","811"
"2628","2968","5302"
"2755","3065","320"
"2790","4938","594"
"2875","4241","982"
"2879","906","3401"
"2958","3206","3964"
"2960","3065","3964"
"3008","4898","5088"
"3077","3206","1883"
"3167","4182","3412"
"3271","3206","5687"
"3275","4178","5687"
"3276","3065","5687"
"3424","1709","3462"
"3513","3628","4179"
"3514","3715","4179"
"3516","3715","4179"
"3517","1691","4179"
"3619","223","3609"
"3620","5028","3609"
"3641","5028","264"
"3822","4241","4414"
"3840","5028","261"
"3845","514","3512"
"3847","5410","3512"
"3921","3206","4893"
"3923","2943","4893"
"3943","4182","5121"
"3972","4182","3973"
"4019","3206","3867"
"4224","5679","3437"
"4225","514","3437"
"4344","5322","1173"
"4345","1226","1173"
"4408","4182","392"
"4461","263","5448"
"4463","1229","5448"
"4551","5455","2937"
"4858","1709","4944"
"4922","3206","4894"
"4923","3065","4894"
"4966","5691","5708"
"4973","4177","3869"
"5004","4241","3719"
"5102","3065","2395"
"5113","4241","5267"
"5114","1691","5267"
"5212","5120","5085"
"5213","4898","5085"
"5306","4938","4200"
"5332","1763","886"
"5335","2167","886"
"5411","906","5458"
"5437","2943","1223"
"5440","223","1223"
"90","5711","2789"
"92","5304","2789"
"94","5304","2789"
"115","1690","4967"
"203","3715","4963"
"205","1071","4963"
"1135","4182","3377"
"1933","1568","1885"
"2065","4182","3942"
"2067","5304","3942"
"2068","4182","3942"
"2100","4465","5301"
"2103","1691","5301"
"2178","4182","3380"
"2179","4182","3380"
"2180","4182","3380"
"2271","4241","3968"
"2272","5711","3968"
"2273","1691","3968"
"2274","813","3968"
"2292","4182","3969"
"2297","813","3969"
"2455","5711","3457"
"2614","3715","4962"
"2617","4938","811"
"2619","4938","811"
"2737","4241","5496"
"2741","3628","516"
"2743","5086","516"
"2744","3715","516"
"2756","4241","320"
"3009","4182","5088"
"3012","5304","5088"
"3277","3715","5687"
"3279","4241","5687"
"3418","4182","3462"
"3421","4182","3462"
"3615","4938","3609"
"3616","4938","3609"
"3618","5711","3609"
"3638","4182","264"
"3639","4182","264"
"3640","4182","264"
"3836","4182","261"
"3837","4182","261"
"3839","4182","261"
"3841","4182","261"
"3842","5307","261"
"3844","3715","3512"
"3849","1758","3512"
"4005","4182","4945"
"4006","4182","4945"
"4223","4465","3437"
"4462","5307","5448"
"4615","5086","65"
"4817","4182","4943"
"4823","4182","4943"
"4825","813","4943"
"4836","3715","4964"
"4837","5322","4964"
"4860","813","4944"
"5103","3628","2395"
"5169","3715","3510"
"5170","3715","3510"
"5215","5711","5085"
"5217","4182","5085"
"5218","4182","5085"
"5334","1071","886"
"5432","4182","5444"
"5441","4241","1223"
"5474","4182","260"
"5475","5711","260"
"5476","5711","260"
"5477","5304","260"
"5478","5304","260"
"318","2629",NA
"625","2629",NA
"1917","1746","1653"
"4220","2948","1662"
"1744","4031",NA
"3601","5214",NA
"2873","3726","982"
"1896","1913","1807"
"2138","2924","5265"
"4946","3273","5119"
"5006","2924","3719"
"611",NA,"3823"
"869",NA,"371"
"889",NA,"1054"
"890",NA,"1054"
"893",NA,"1054"
"895",NA,"1054"
"896",NA,"1054"
"1028",NA,"1056"
"1093",NA,"1057"
"1094",NA,"1057"
"1665","391",NA
"1678","4585",NA
"1697","1721",NA
"1741",NA,"3819"
"1866",NA,"2526"
"1873",NA,"2526"
"2040",NA,"1061"
"2115",NA,"2087"
"2849",NA,"5113"
"3246",NA,"265"
"3650",NA,"4337"
"897","1716","1054"
"1734","1669","2087"
"1788","1146","582"
"1831","4418","2524"
"1962","362","2611"
"1963","1177","2611"
"1965","2629","2611"
"2041","4909","1061"
"2047","1177","1061"
"2050","2629","1061"
"2097","3726","5301"
"2119","1680","2087"
"2630","3726","5302"
"2830","1749","1580"
"3203","3883","1059"
"3205","5124","1059"
"3540","462","2133"
"3651","2949","4337"
"3652","362","4337"
"3657","2629","4337"
"3901","1177","3515"
"3903","5174","3515"
"4654","5081","4966"
"4655","5081","4966"
"4658","1669","4966"
"4660","1669","4966"
"4857","3726","4944"
"4924","1162","1580"
"5325","5081","3514"
"5327","1689","3514"
"5328","1703","3514"
"5329","1686","3514"
"5439","3726","1223"
"204","4222","4963"
"217","4922","5264"
"219","2818","5264"
"220","4184","5264"
"296","2167","581"
"612","5214","3823"
"868","4469","371"
"888","2818","911"
"894","4177","1054"
"900","514","1054"
"1030","5455","1056"
"1131","4183","342"
"1784","3065","582"
"1790","2167","582"
"1833","5214","2524"
"1864","2983","2526"
"1871","5214","2526"
"1960","2924","2611"
"2066","3273","3942"
"2090","1721","4185"
"2104","4222","5301"
"2139","1162","5265"
"2748","4031","516"
"2825","4673","389"
"2852","2924","5113"
"2856","5430","5113"
"3013","2174","5088"
"3204","4466","1059"
"3248","5028","265"
"3249","5214","265"
"3251","1229","265"
"3507","323","1060"
"3617","2174","3609"
"3642","4552","264"
"3827","4184","4414"
"3831","514","3440"
"4464","4552","5448"
"4859","4222","4944"
"5058","4222","5031"
"5060","2924","5031"
"5183","2924","4470"
"5333","4222","886"
"5442","4222","1223"
"294","4183","581"
"823","926","3874"
"898","3715","1054"
"1787","5304","582"
"1789","5304","582"
"1792","813","582"
"1826","5711","2524"
"1828","5304","2524"
"1829","4338","2524"
"1830","5304","2524"
"1869","5304","2526"
"1961","5322","2611"
"1964","1710","2611"
"2042","5304","1061"
"2043","2818","1061"
"2044","2193","1061"
"2045","4241","1061"
"2048","1162","1061"
"2101","4183","5301"
"2130","4182","1126"
"2631","4183","5302"
"2633","4922","5302"
"2746","4183","516"
"3247","5304","265"
"3250","4338","265"
"3425","4673","3462"
"3509","813","1060"
"3539","5322","2133"
"3654","2193","4337"
"3656","1162","4337"
"3835","189","261"
"3899","4183","3515"
"3900","4341","3515"
"3902","1071","3515"
"3904","4343","3515"
"4657","1071","4966"
"4659","1071","4966"
"4821","4338","4943"
"4822","189","4943"
"4824","2818","4943"
"4840","2217","4964"
"4843","4343","4964"
"4932","1739","3819"
"5059","5102","5031"
"5185","5322","4470"
"5326","1721","3514"
"168",NA,"203"
"210",NA,"664"
"254",NA,"2215"
"357",NA,"880"
"1232",NA,"2958"
"1720","90",NA
"2014",NA,"661"
"2438",NA,"5168"
"2460",NA,"4839"
"3252",NA,"118"
"3748",NA,"4019"
"4117",NA,"483"
"4118",NA,"483"
"4119",NA,"483"
"4123",NA,"483"
"4242","205",NA
"4530",NA,"3270"
"4904",NA,"4225"
"5245",NA,"3271"
"5295",NA,"112"
"5402",NA,"5411"
"5501",NA,"4920"
"5505",NA,"4920"
"5512","2737",NA
"49","1680","4837"
"51","272","4837"
"166","1669","203"
"378","1695","406"
"650","3883","881"
"652","4909","881"
"790","1177","5440"
"793","2629","5440"
"794","272","5440"
"1113","1686","3849"
"1935","362","5437"
"1936","1146","5437"
"1937","4418","5437"
"2059","2629","5332"
"2061","2629","5332"
"2063","272","5332"
"2200","32","4823"
"2223","2176","352"
"2231","272","352"
"2255","2417","3199"
"2256","3189","3199"
"2257","3189","3199"
"2310","1146","2756"
"2434","5081","5168"
"2435","5081","5168"
"2437","1669","5168"
"2440","5174","5168"
"2494","1177","3129"
"2656","1146","2619"
"3043","1177","2065"
"3133","2147","476"
"3173","2147","3201"
"3184","1669","5169"
"3187","5174","5169"
"3856","3822","3431"
"3861","362","2031"
"3906","4418","2961"
"3912","272","2961"
"3986","1669","3847"
"3987","5174","3847"
"4080","1146","2960"
"4487","1146","2453"
"4492","1177","4838"
"4533","2949","3270"
"4762","272","2273"
"4791","1177","5441"
"4793","2629","5441"
"4795","272","5441"
"4796","272","5441"
"4810","1727","1578"
"4834","5174","4224"
"5044","362","668"
"5045","1742","668"
"5240","3883","3271"
"5241","3726","3271"
"5404","5081","5411"
"5405","5081","5411"
"5502","3883","4920"
"5506","3726","4920"
"5549","272","671"
"121","2970","190"
"222","2178","5264"
"359","4466","880"
"651","3065","881"
"791","5214","5440"
"792","5430","5440"
"1073","5214","93"
"1074","5214","93"
"1201","5214","91"
"1235","5028","2958"
"2088","2928","4185"
"2141","5214","92"
"2144","2983","92"
"2203","4552","4823"
"2225","5430","352"
"2229","5214","352"
"2258","3273","3199"
"2260","3273","3199"
"2311","4222","2756"
"2312","4222","2756"
"2442","5061","5168"
"2561","5214","2618"
"3042","5028","2065"
"3044","1229","2065"
"3135","263","476"
"3176","263","3201"
"3182","5410","5169"
"3778","3065","1101"
"3858","4423","2739"
"3860","323","2031"
"3862","4222","2031"
"3907","2924","2961"
"3909","5214","2961"
"4081","5028","2960"
"4082","4222","2960"
"4086","5214","2960"
"4346","2928","1173"
"4490","1709","2453"
"4491","2167","2453"
"4557","1229","3640"
"4618","3065","4921"
"4759","3857","2273"
"5239","3065","3271"
"5242","3065","3271"
"5244","1110","3271"
"5503","4178","4920"
"5504","3065","4920"
"5545","4222","671"
"5548","1709","671"
"46","1071","4837"
"48","4341","4837"
"52","4343","4837"
"122","1691","190"
"165","1226","203"
"195","5304","2270"
"196","4673","2270"
"198","813","2270"
"653","4241","881"
"781","2178","783"
"789","813","5440"
"871","3844","371"
"931","2743","2527"
"932","2743","2527"
"934","4615","2527"
"1141","5218","3377"
"1142","1071","5170"
"1236","5304","2958"
"1237","4338","2958"
"1794","4615","582"
"1834","4615","2524"
"1835","4615","2524"
"1836","5218","2524"
"1872","4615","2526"
"1874","5218","2526"
"1875","4615","2526"
"1878","2818","3618"
"1939","1162","5437"
"2013","1730","661"
"2016","2821","661"
"2046","214","1061"
"2049","214","1061"
"2069","214","3942"
"2073","4615","3942"
"2074","3844","3942"
"2075","4615","3942"
"2227","1162","352"
"2259","4182","3199"
"2261","813","3199"
"2262","813","3199"
"2288","4408","2980"
"2433","3715","5168"
"2436","1162","5168"
"2441","4343","5168"
"2493","1226","3129"
"2635","214","5302"
"2657","5304","2619"
"2747","2928","516"
"3174","4182","3201"
"3177","4338","3201"
"3183","2217","5169"
"3188","4343","5169"
"3326","1071","2744"
"3432","3639","5496"
"3655","2928","4337"
"3682","5322","4551"
"3697","214","887"
"3832","2928","3440"
"3833","2928","3440"
"3848","2178","3512"
"3859","3628","2031"
"3905","1691","2961"
"4083","5304","2960"
"4084","5304","2960"
"4227","2928","3437"
"4372","1749","3839"
"4399","5304","3010"
"4400","5307","3010"
"4486","5711","2453"
"4621","4183","4921"
"4829","5322","4224"
"4831","1162","4224"
"4832","4343","4224"
"4842","4344","4964"
"4905","1162","4225"
"4906","1710","4225"
"5062","2743","5031"
"5097","4183","663"
"5099","4341","663"
"5187","2743","4470"
"5294","4341","112"
"5336","2928","886"
"5338","2737","886"
"5399","515","5411"
"5543","4183","671"
"5544","1226","671"
"47","2875","4837"
"197","4223","2270"
"199","1133","2270"
"795","2178","2100"
"1075","4615","93"
"1112","205","3849"
"1199","2743","91"
"1203","4615","91"
"1204","4615","91"
"1205","4615","91"
"1938","4836","5437"
"2060","2928","5332"
"2143","4615","92"
"2195","1133","4823"
"2196","4408","4823"
"2204","4408","4823"
"2205","2780","3840"
"2206","4408","3840"
"2210","1133","3840"
"2211","2743","3840"
"2212","4408","3840"
"2313","2743","2756"
"2314","2743","2756"
"2315","2928","2756"
"2316","2928","2756"
"2439","5004","5168"
"2462","1727","4839"
"2558","4615","2618"
"2562","214","2618"
"2659","2743","2619"
"2660","4615","2619"
"3047","4408","2065"
"3179","4615","3201"
"3180","3844","3201"
"3323","2928","2744"
"3637","1733","116"
"3908","214","2961"
"3910","2928","2961"
"4761","2178","2273"
"4792","214","5441"
"4830","2928","4224"
"4833","214","4224"
"4907","535","4225"
"5546","214","671"
"599","1759","1665"
"742","2041",NA
"1659","2434",NA
"1738","2041",NA
"5162",NA,"378"
"1796","318","3383"
"1658","1871",NA
"1850",NA,"2088"
"715","1685","2873"
"933","3650","2527"
"1791","3650","582"
"1827","3650","2524"
"1832","3650","2524"
"1868","3650","2526"
"1870","3650","2526"
"2376","2629","220"
"2378","272","220"
"719","353","2873"
"1867","1963","2526"
"4777","5430","219"
"4779","4423","219"
"1852","4343","2088"
"2076","1960","3942"
"2289","2260","2980"
"2373","1162","220"
"2809","4182","4946"
"2810","5304","4946"
"2811","4338","4946"
"3897","868","3515"
"4774","2229","219"
"4775","5504","219"
"4826","1960","4943"
"4827","5183","4943"
"837",NA,"3848"
"1145",NA,"2115"
"1153",NA,"3657"
"1156",NA,"3657"
"1728","217",NA
"1731","1828",NA
"1732",NA,"1962"
"1912","1828",NA
"3645",NA,"894"
"3647",NA,"894"
"4046",NA,"204"
"4053",NA,"3697"
"330","4514","781"
"519","1146","3507"
"524","5174","3507"
"525","1686","3507"
"616","4514","296"
"838","1698","3848"
"1200","3650","91"
"1238","3650","2958"
"2381","272","2045"
"2383","1698","2045"
"2388","1177","2045"
"2389","1713","2045"
"2391","2629","2045"
"2392","2629","2045"
"2393","5174","2045"
"2394","272","2045"
"2499","1554","889"
"2563","3650","2618"
"2583","2948","2630"
"2589","2629","2630"
"2592","272","2630"
"3356","1679","4842"
"3357","1675","4842"
"3359","1682","4842"
"3360","542","4842"
"3361","542","4842"
"3812","4321","5338"
"4052","2629","3697"
"4085","3650","2960"
"4488","3650","2453"
"4745","3373","1962"
"4760","3650","2273"
"4854","2629","4857"
"5050","5174","2044"
"5051","5174","2044"
"5129","1679","3654"
"5135","5174","3654"
"5177","3373","2747"
"5352","1741","5326"
"50","5325","4837"
"522","2823","3507"
"634","514","3204"
"639","1726","3204"
"841","1726","3848"
"1159","1667","3651"
"1973","5455","1093"
"2189","2983","1787"
"2197","625","4823"
"2207","625","3840"
"2387","1965","2045"
"2390","4222","2045"
"2500","4177","889"
"2585","2924","2630"
"2587","5214","2630"
"3181","1936","3201"
"3242","2167","2047"
"3243","4220","2047"
"3498","2983","1834"
"3646","3126","894"
"4691","2041","2856"
"4851","625","4857"
"5127","4220","3654"
"303","1871","3425"
"304","1871","3425"
"427","1960","3642"
"431","2260","3642"
"432","1960","3642"
"520","1226","3507"
"523","4341","3507"
"635","1071","3204"
"1076","2260","93"
"1152","868","3657"
"1160","4183","3651"
"1164","1729","823"
"1186","3077","893"
"2038","5183","871"
"2370","3639","220"
"2371","2830","220"
"2372","2746","220"
"2375","214","220"
"2458","868","4839"
"2584","4183","2630"
"2654","5548","2619"
"2661","5183","2619"
"2662","2260","2619"
"2812","4615","4946"
"3040","1960","2065"
"3048","1960","2065"
"3362","4343","4842"
"3648","3077","894"
"3753","5548","1872"
"3755","3601","1872"
"3756","3601","1872"
"3790","868","3904"
"3911","5183","2961"
"4047","4341","204"
"4350","1201","4464"
"4776","2178","219"
"4778","5218","219"
"4780","205","219"
"4998","3601","934"
"4999","3601","934"
"5047","1162","2044"
"5176","868","2747"
"5178","1710","2747"
"5389","5548","1833"
"5390","5548","1833"
"5392","3601","1833"
"5393","3601","1833"
"5525","1896","1139"
"5526","1871","1139"
"43","5099","4837"
"164","3902","203"
"336","5543","781"
"426","1133","3642"
"521","214","3507"
"622","90","296"
"636","2743","3204"
"638","5004","3204"
"747","1678","612"
"788","196","5440"
"874","5004","3900"
"875","2875","3900"
"921","2493","5337"
"922","2830","5337"
"1144","2068","2115"
"1161","2928","3651"
"2034","4372","871"
"2055","2493","5332"
"2056","2830","5332"
"2140","3899","92"
"2185","2743","1787"
"2188","4615","1787"
"2382","5218","2045"
"2384","2830","2045"
"2565","5543","2618"
"2582","5218","2630"
"2588","2928","2630"
"2590","5004","2630"
"2591","3639","2630"
"3239","5543","2047"
"3244","1678","2047"
"3355","5099","4842"
"3751","4615","1872"
"3791","205","3904"
"4048","1736","204"
"4050","196","204"
"4356","4408","4464"
"4403","196","3010"
"4750","196","1962"
"4754","2928","3652"
"4755","2743","3652"
"4790","2493","5441"
"4845","5522","5187"
"5032","535","3539"
"5036","1828","3539"
"5046","214","2044"
"5048","1695","2044"
"5108","196","2072"
"5128","2830","3654"
"5131","214","3654"
"5132","1695","3654"
"5133","5004","3654"
"5134","5004","3654"
"5179","535","2747"
"5180","2737","2747"
"5181","535","2747"
"5385","4615","1833"
"5398","5218","1833"
"311",NA,"3860"
"749",NA,"195"
"1208",NA,"5239"
"1213",NA,"5239"
"1705",NA,"4492"
"3777",NA,"650"
"4361",NA,"651"
"4704",NA,"2438"
"158","1674","51"
"309","1146","3860"
"313","1177","3860"
"1220","1693","1142"
"2105","1688","4533"
"2571","5174","4831"
"2572","5174","4831"
"2624","5081","2433"
"2693","1587","2435"
"2697","1680","2435"
"3154","1177","4618"
"3156","2629","4618"
"3265","32","3179"
"3563","32","4762"
"3680","272","4793"
"3774","1146","650"
"4396","5174","4905"
"4603","272","2313"
"4604","272","2313"
"4869","272","3861"
"4872","1177","3861"
"4876","272","3861"
"5013","1679","2439"
"5231","498","2063"
"5378","32","3042"
"5480","272","791"
"5482","3373","791"
"5567","1675","3326"
"5574","1672","3326"
"33","263","2258"
"244","4552","4084"
"312","5214","3860"
"442","1229","2259"
"752","4552","195"
"1212","2924","5239"
"1214","2167","5239"
"1892","2167","3043"
"1944","4222","3859"
"2566","4220","4831"
"2696","5214","2435"
"2700","1963","2435"
"3259","625","3179"
"3367","3273","2255"
"3477","625","3177"
"3672","3857","4793"
"3776","5214","650"
"3887","5214","3905"
"4158","3857","4795"
"4160","1965","4795"
"4363","2924","651"
"4367","2167","651"
"4397","4220","4905"
"4564","4552","2257"
"4598","3857","2313"
"4870","318","3861"
"4989","369","5242"
"5011","3857","2439"
"5012","2434","2439"
"5486","3857","791"
"5508","263","2256"
"5565","5325","3326"
"34","5307","2258"
"35","813","2258"
"174","4343","168"
"310","4241","3860"
"440","4338","2259"
"441","5307","2259"
"750","813","195"
"751","813","195"
"1207","4182","5239"
"1209","4465","5239"
"1211","4183","5239"
"1865","5062","2526"
"1942","4241","3859"
"1943","4241","3859"
"2169","1201","2558"
"2170","3601","2558"
"2537","1896","2262"
"2567","868","4831"
"2569","2229","4831"
"2850","3856","5113"
"3153","4183","4618"
"3190","1201","3174"
"3262","1871","3179"
"3263","1871","3179"
"3364","2818","2255"
"3365","4182","2255"
"3366","4182","2255"
"3480","1896","3177"
"3773","4241","650"
"4562","4673","2257"
"4563","4338","2257"
"4607","5548","2144"
"4609","3601","2144"
"4705","4343","2438"
"4871","5307","3861"
"5225","3858","2063"
"5374","1960","3042"
"5377","1201","3042"
"5379","3601","3042"
"5383","1960","3042"
"5384","1960","3042"
"5507","189","2256"
"38","3844","2258"
"243","5218","4084"
"245","4615","4084"
"301","3655","3425"
"314","2928","3860"
"424","205","2061"
"428","1199","3642"
"443","3844","2259"
"445","4408","2259"
"446","4408","2259"
"620","1199","296"
"682","1697","1113"
"753","2737","195"
"924","3856","5337"
"1197","5062","91"
"1198","3655","91"
"1218","5099","1142"
"1222","1678","1142"
"1890","2830","3043"
"1945","214","3859"
"2025","2743","48"
"2107","2928","4533"
"2109","196","49"
"2190","1199","1787"
"2208","1199","3840"
"2538","4372","2262"
"2542","5218","2262"
"2568","205","4831"
"2688","196","792"
"2689","2830","792"
"2692","1678","2435"
"3155","2178","4618"
"3193","4408","3174"
"3241","2211","2047"
"3261","4372","3179"
"3269","2780","3179"
"3333","1915","2060"
"3478","4372","3177"
"3479","4372","3177"
"3481","4408","3177"
"3482","2137","3177"
"3483","2780","3177"
"3484","2737","2659"
"3673","205","4793"
"3752","5062","1872"
"3763","3639","3909"
"3766","2830","3909"
"3792","3856","3904"
"3793","3856","3904"
"3807","1720","5338"
"3809","3856","5338"
"3888","2928","3905"
"3890","5218","3905"
"4157","2493","4795"
"4235","5062","1873"
"4364","214","651"
"4365","214","651"
"4394","3682","4905"
"4398","1678","4905"
"4567","4408","2257"
"4568","5522","2257"
"4574","2211","2288"
"4599","196","2313"
"4606","5218","2144"
"4873","214","3861"
"4874","214","3861"
"4875","214","3861"
"4877","4836","3861"
"4990","214","5242"
"4991","5004","5242"
"4994","5062","934"
"4996","3655","934"
"5017","4924","2439"
"5130","2211","3654"
"5382","1133","3042"
"5386","5062","1833"
"5387","3655","1833"
"5388","3655","1833"
"5481","2830","791"
"5523","3655","1139"
"5528","2211","1139"
"5570","2441","3326"
"544","1199","4557"
"2023","5062","48"
"2368","3655","1204"
"2690","5062","792"
"2691","3856","792"
"3560","5062","4762"
"3561","3655","4762"
"3564","2462","4762"
"3674","5062","4793"
"3675","3856","4793"
"3678","3856","4793"
"3764","5062","3909"
"3765","3655","3909"
"3771","5512","3909"
"4159","5062","4795"
"4161","5512","4795"
"4162","3856","4795"
"5226","4810","2063"
"5227","4810","2063"
"5376","1199","3042"
"5483","5062","791"
"5484","5062","791"
"5485","2212","791"
"1684","4854",NA
"4439","933",NA
"1740","4691",NA
"4632","4691",NA
"4661","2583","4966"
"4844","2583","4964"
"5330","2583","3514"
"119","719","4967"
"1660","1852",NA
"1743","2289",NA
"2883","1852",NA
"4384","1852",NA
"954","272","715"
"957","3777","2849"
"1927","498","4774"
"1928","498","4774"
"2280","32","4826"
"2889","32","2812"
"2890","32","2812"
"4304","542","2376"
"4311","4514","4778"
"170","2583","203"
"952","5430","715"
"959","4423","4776"
"1922","4869","4774"
"2886","625","2812"
"2995","1963","2373"
"3444","1965","1832"
"3445","1965","1832"
"3811","4876","5338"
"4049","2583","204"
"4296","599","2376"
"4297","599","2376"
"4312","599","4778"
"4313","599","4778"
"2058","752","5332"
"2283","1960","4826"
"2997","4870","2373"
"3000","1710","2373"
"3583","5548","1870"
"3585","742","1870"
"3586","742","1870"
"3808","742","5338"
"4295","2229","2376"
"4298","752","2376"
"4692","1738","2856"
"4997","742","934"
"5391","742","1833"
"923","5047","5337"
"958","5383","2849"
"2275","2780","4826"
"2281","4615","4826"
"2884","5218","2812"
"2893","4408","2812"
"2991","3639","2373"
"3001","2737","2373"
"3002","2493","2373"
"3442","1133","1832"
"3451","4615","1832"
"3584","5047","1870"
"3588","5218","1870"
"3754","5047","1872"
"3758","174","1872"
"4294","196","2376"
"4319","294","4778"
"5077","1852","3432"
"5396","174","1833"
"360",NA,"4750"
"434",NA,"3790"
"1111",NA,"638"
"3732",NA,"636"
"3954",NA,"3362"
"41","1694","3645"
"361","3373","4750"
"435","1682","3790"
"691","1145","2383"
"851","3373","5134"
"852","3373","5134"
"1013","32","301"
"1191","5162","5388"
"2160","5725","3809"
"2240","272","622"
"2485","5162","2661"
"2535","540","3755"
"2764","1673","5032"
"3074","498","2056"
"3338","5421","5129"
"3464","4514","336"
"3690","2629","1160"
"3691","5174","1160"
"3740","1708","4754"
"3799","5162","5387"
"3803","5725","5387"
"4016","5725","5135"
"4130","5174","634"
"4132","5174","634"
"4431","272","2388"
"4438","272","2388"
"4441","3373","1156"
"4455","1177","4488"
"5074","1745","4574"
"5684","272","2563"
"40","5410","3645"
"159","4876","51"
"175","2583","168"
"693","4869","2383"
"1196","4773","5388"
"2111","514","1973"
"2533","4773","3755"
"2536","4773","3755"
"2576","4876","788"
"3677","4869","4793"
"3801","4773","5387"
"3802","4773","5387"
"3804","4773","5387"
"3805","4773","5387"
"4013","4869","5135"
"4112","4773","4998"
"4114","4773","4998"
"4128","2434","634"
"4432","2583","2388"
"4436","4876","2388"
"4444","5050","1156"
"4483","3857","2588"
"4504","3857","2390"
"4506","625","2391"
"5078","5325","5179"
"239","4870","1152"
"797","752","330"
"854","2229","5134"
"1189","3601","5388"
"2113","2193","1973"
"2241","5548","622"
"2244","3858","622"
"2421","2229","921"
"2482","3601","2661"
"2516","1796","3911"
"2554","742","2565"
"3072","3601","2056"
"3734","719","4754"
"3742","4343","4754"
"3794","742","5387"
"3795","742","5387"
"3796","3601","5387"
"4127","1162","634"
"4291","3601","2393"
"4602","742","2313"
"4608","742","2144"
"4702","719","2438"
"5359","3601","616"
"5682","4367","2563"
"235","2289","1152"
"684","520","1113"
"920","1728","5337"
"964","1199","4776"
"1012","2289","301"
"1843","52","2055"
"1920","1199","4774"
"1921","4810","4774"
"2114","535","1973"
"2168","5047","2558"
"2276","1199","4826"
"2277","1199","4826"
"2278","1199","4826"
"2279","1199","4826"
"2385","5048","2045"
"2479","5218","2661"
"2509","5218","3911"
"2510","5047","3911"
"2532","174","3755"
"2560","3155","2618"
"2866","4843","43"
"2885","1199","2812"
"2892","2140","2812"
"2994","5048","2373"
"2996","5048","2373"
"2998","5036","2373"
"3050","1697","639"
"3240","5048","2047"
"3312","5047","2592"
"3328","1852","1153"
"3446","3155","1832"
"3447","2140","1832"
"3487","5047","5051"
"3489","2289","5051"
"3581","5062","1870"
"3582","3655","1870"
"3587","2462","1870"
"3589","1199","1870"
"3676","2289","4793"
"3692","4924","1160"
"3730","5099","636"
"3733","4924","636"
"3739","535","4754"
"3757","2140","1872"
"3767","5047","3909"
"3800","174","5387"
"3915","1186","2494"
"4008","2830","5135"
"4012","52","5135"
"4289","5047","2393"
"4299","1199","2376"
"4300","4810","2376"
"4301","5512","2376"
"4302","5512","2376"
"4303","4810","2376"
"4315","4810","4778"
"4456","214","4488"
"4505","1678","2391"
"4601","5047","2313"
"4611","174","2144"
"4768","5047","2034"
"5000","2140","934"
"5014","2289","2439"
"5394","2140","1833"
"236","2211","1152"
"328","4875","3188"
"692","5062","2383"
"801","4810","330"
"917","3856","2394"
"918","2462","2394"
"1011","4875","5176"
"1190","2140","5388"
"1918","2211","5127"
"1919","4810","5127"
"2172","5062","2188"
"2242","2211","622"
"2243","5048","622"
"2480","3655","2661"
"2481","3856","2661"
"2483","2462","2661"
"2484","2140","2661"
"2511","3655","3911"
"2513","5062","3911"
"2515","3856","3911"
"2517","3856","3911"
"2551","5062","2565"
"2552","3655","2565"
"2553","443","2565"
"2557","2140","2565"
"2574","2211","788"
"2575","3856","788"
"2694","4875","2435"
"3313","5062","2592"
"3334","5062","5129"
"3336","3856","5129"
"3465","3856","336"
"3488","2660","5051"
"3562","3155","4762"
"3737","4875","4754"
"3768","443","3909"
"3798","2140","5387"
"3985","3856","5130"
"4111","5128","4998"
"4290","5062","2393"
"4292","2140","2393"
"4433","5062","2388"
"4434","5062","2388"
"4435","5062","2388"
"4442","2211","1156"
"4443","3856","1156"
"4482","5062","2588"
"5200","4567","5528"
"5207","4567","5523"
"5208","3333","5523"
"552",NA,"2538"
"554",NA,"2538"
"3322",NA,"313"
"4377",NA,"4157"
"4714",NA,"4365"
"4983",NA,"3773"
"97","32","245"
"1100","2629","1207"
"1909","1679","4398"
"1969","1675","3154"
"2648","2629","1944"
"2649","272","1944"
"2651","272","1944"
"2668","4321","4158"
"2675","32","442"
"2837","32","441"
"2952","1732","4991"
"3237","3022","3262"
"3316","1698","313"
"3579","1941","2624"
"3665","542","4159"
"3668","5725","4159"
"3977","32","440"
"3999","3022","5378"
"4063","452","5574"
"4141","3373","4990"
"4142","3373","4990"
"4145","272","4990"
"4378","1677","4157"
"4380","4321","4157"
"4381","157","4157"
"4383","540","4157"
"4473","3373","4871"
"4480","5174","4871"
"4594","157","3763"
"4715","1941","4365"
"4984","1754","3773"
"4988","272","3773"
"5024","1713","4989"
"5025","272","4989"
"5454","542","5481"
"5738","272","1212"
"5745","5174","1212"
"95","1963","245"
"1097","2924","1207"
"1970","4869","3154"
"2476","5325","314"
"2477","3825","314"
"2645","3857","1944"
"2647","5214","1944"
"2671","625","442"
"2930","4876","3673"
"2950","3857","4991"
"3318","5050","313"
"3694","1734","1222"
"3974","625","440"
"4072","625","3366"
"4074","2167","3366"
"4481","3826","4871"
"4711","599","4365"
"4716","4752","4365"
"4717","3857","4365"
"4799","625","3367"
"4986","4655","3773"
"5019","3857","4989"
"5021","1963","4989"
"96","1201","245"
"98","1871","245"
"547","1201","2538"
"1098","1071","1207"
"2248","2229","5565"
"2343","2229","2566"
"2363","742","4599"
"2667","3601","4158"
"2835","1871","441"
"2836","1896","441"
"2955","4870","4991"
"3281","1896","3259"
"3282","1896","3259"
"3662","3601","4159"
"3976","1896","440"
"3978","1871","440"
"4079","1960","3366"
"4379","3858","4157"
"4590","752","3763"
"1099","5004","1207"
"1910","2289","4398"
"1967","196","3154"
"1968","2830","3154"
"2342","205","2566"
"2366","174","4599"
"2646","2830","1944"
"2650","4924","1944"
"2672","4372","442"
"2673","4372","442"
"2674","4372","442"
"2831","4408","441"
"2832","4408","441"
"2834","4372","441"
"2838","4408","441"
"3315","205","313"
"3321","1695","313"
"3577","5218","2624"
"3578","5004","2624"
"3604","4906","4396"
"3975","4372","440"
"3979","4408","440"
"3980","5522","440"
"4073","4659","3366"
"4077","3277","3366"
"4078","4408","3366"
"4143","4906","4990"
"4146","5543","4990"
"4477","214","4871"
"4478","3639","4871"
"4767","5047","3680"
"4798","4408","3367"
"4801","3844","3367"
"4887","4408","35"
"4985","2743","3773"
"4987","2928","3773"
"5023","2928","4989"
"5739","205","1212"
"5740","2830","1212"
"5743","214","1212"
"5744","2928","1212"
"551","3333","2538"
"1971","2660","3154"
"2095","5128","2169"
"2362","1731","4599"
"2666","2211","4158"
"2867","4875","5012"
"2953","5062","4991"
"3003","4875","4394"
"3245","199","5017"
"3283","2462","3259"
"3661","5512","4159"
"3994","2140","5378"
"3995","2140","5378"
"4144","3856","4990"
"4474","5062","4871"
"4476","4810","4871"
"4589","443","3763"
"4592","5512","3763"
"4712","1199","4365"
"5020","5062","4989"
"5022","2462","4989"
"5072","5226","4574"
"5452","5062","5481"
"5453","3856","5481"
"5741","5062","1212"
"5742","5062","1212"
"2896","157","1660"
"2813","2111","4946"
"2814","2111","4946"
"3423","2111","3462"
"2612","1679","4844"
"1114","41","3849"
"1155","5745","3657"
"1925","97","4774"
"4349","4480","4464"
"5001","3464","934"
"1926","4312","4774"
"2202","2111","4823"
"2887","4986","2812"
"2999","3444","2373"
"4355","4439","4464"
"4558","2111","3640"
"4559","2111","3640"
"5397","4313","1833"
"1668","4692","2850"
"1924","4692","4774"
"87",NA,"170"
"1119",NA,"3445"
"1681","5743",NA
"3031",NA,"3000"
"4789",NA,"2995"
"769","157","4295"
"773","2899","4295"
"774","5725","4295"
"1958","1670","4302"
"1959","1670","4302"
"2826","5725","5396"
"3030","272","3000"
"3039","5725","3000"
"3211","5162","5391"
"3212","542","5391"
"3214","5725","5391"
"3761","2674","1658"
"4258","3373","4294"
"4261","32","4294"
"4263","498","4294"
"4265","498","4294"
"4586","2673","1652"
"5056","4498","2997"
"5320","3022","3582"
"237","5745","1152"
"238","5745","1152"
"763","1963","4295"
"987","599","954"
"1192","3464","5388"
"2828","5454","5396"
"3034","5745","3000"
"3213","4773","5391"
"3337","2764","5129"
"3797","3464","5387"
"3916","41","2494"
"4015","2764","5135"
"4216","4869","3754"
"4217","4773","3754"
"4218","4773","3754"
"4259","599","4294"
"4264","4869","4294"
"4785","5050","2995"
"5156","4876","2991"
"5316","4773","3582"
"5317","4773","3582"
"5573","2764","3326"
"36","2111","2258"
"246","4074","4084"
"601","4986","3589"
"602","742","3589"
"603","742","3589"
"604","742","3589"
"765","3444","4295"
"766","3444","4295"
"856","4128","5134"
"1024","3444","4311"
"1115","3601","3445"
"1116","3601","3445"
"1193","4313","5388"
"1194","4313","5388"
"1219","4128","1142"
"1891","4986","3043"
"2156","959","3809"
"2827","4313","5396"
"3032","4128","3000"
"3035","3858","3000"
"3036","4870","3000"
"3038","4870","3000"
"3192","2111","3174"
"3215","4313","5391"
"3216","4313","5391"
"3217","4439","5391"
"3267","4711","3179"
"3490","3444","5051"
"3521","959","620"
"3679","4711","4793"
"3770","4717","3909"
"4113","4313","4998"
"4163","959","4795"
"4164","4711","4795"
"4215","1796","3754"
"4219","959","3754"
"4613","4313","2144"
"4784","3444","2995"
"4786","959","2995"
"4787","959","2995"
"5154","4128","2991"
"5224","952","2063"
"5309","742","3582"
"5310","742","3582"
"5311","742","3582"
"5315","4313","3582"
"5380","2111","3042"
"5381","2111","3042"
"770","52","4295"
"1022","52","4311"
"2158","4692","3809"
"3033","2289","3000"
"3073","4692","2056"
"3450","1967","1832"
"3491","4692","5051"
"3984","4702","5130"
"5157","52","2991"
"5202","2836","5528"
"5361","4692","616"
"242","2883","1152"
"605","2462","3589"
"764","4810","4295"
"1021","199","4311"
"1117","1967","3445"
"1121","5077","3445"
"1180","4242","2996"
"1696","5744","48"
"1954","4384","4302"
"1957","4384","4302"
"2171","1967","2558"
"2556","1967","2565"
"2865","5744","43"
"3076","4384","2056"
"3210","2140","5391"
"3260","4456","3179"
"3769","1967","3909"
"4010","5744","5135"
"4260","2140","4294"
"4262","2660","4294"
"4783","1967","2995"
"5159","4384","2991"
"5313","2140","3582"
"456",NA,"360"
"1903",NA,"4013"
"2505",NA,"2483"
"3936",NA,"1012"
"3990",NA,"2244"
"4267",NA,"4444"
"4917",NA,"434"
"1","5725","2516"
"79","542","3677"
"81","5725","3677"
"178","4321","2574"
"181","5725","2574"
"182","5725","2574"
"247","498","3074"
"844","32","2554"
"846","32","2554"
"848","1666","2554"
"1239","542","235"
"2019","1705","3050"
"2304","498","801"
"2473","5421","2421"
"2474","1712","2421"
"2475","452","2421"
"2488","3373","3690"
"2489","1490","3690"
"2897","1677","918"
"3225","4498","3336"
"3256","32","5684"
"3293","4321","4434"
"4149","5725","3489"
"4152","5725","3489"
"4167","542","917"
"4172","5725","917"
"4517","1699","3328"
"5040","4498","4435"
"2","4773","2516"
"3","4773","2516"
"149","4773","2479"
"161","4773","3798"
"162","4773","3798"
"163","4773","3798"
"176","2240","2574"
"1803","4869","4601"
"2250","5745","5565"
"2364","4141","4599"
"3253","625","5684"
"3341","5050","852"
"3342","2764","852"
"4038","5325","3739"
"4","1922","2516"
"143","742","2479"
"148","4313","2479"
"177","3444","2574"
"351","959","3676"
"548","4717","2538"
"843","742","2554"
"850","4439","2554"
"1804","959","4601"
"1805","4711","4601"
"1902","4870","4013"
"2249","4717","5565"
"2365","959","4599"
"2954","3444","4991"
"3224","3477","3336"
"3232","1684","3262"
"4036","868","3739"
"4037","1744","3739"
"4075","2111","3366"
"4076","2111","3366"
"4147","959","3489"
"4169","4870","917"
"4475","952","4871"
"4591","4717","3763"
"4595","4711","3763"
"5037","959","4435"
"80","4692","3677"
"82","5359","3677"
"179","4692","2574"
"180","4692","2574"
"455","1852","360"
"711","52","1918"
"849","2836","2554"
"1047","3902","3732"
"2305","4632","801"
"2669","4692","4158"
"3233","3794","3262"
"3234","2836","3262"
"3296","2241","4434"
"3666","4692","4159"
"3667","4692","4159"
"4168","4692","917"
"4170","2241","917"
"4550","4692","5225"
"5579","2836","5200"
"145","2140","2479"
"147","5128","2479"
"183","5077","2574"
"248","4384","3074"
"350","4242","3676"
"454","2462","360"
"549","1967","2538"
"553","2674","2538"
"754","2660","4008"
"756","3856","4008"
"845","2140","2554"
"847","2140","2554"
"1123","5207","3445"
"1806","5077","4601"
"1841","3446","2055"
"1953","3446","4302"
"2247","3733","5565"
"2306","4384","801"
"2472","4242","2421"
"2491","5062","3690"
"2492","5062","3690"
"3088","4384","3072"
"3089","4384","3072"
"3254","1199","5684"
"3255","2140","5684"
"3257","2140","5684"
"3291","2660","4434"
"3340","3856","852"
"3669","5077","4159"
"4148","4242","3489"
"4151","5077","3489"
"4165","3856","917"
"4166","3856","917"
"4266","4161","4294"
"4862","2140","2243"
"5182","1720","3691"
"146","3465","2479"
"2506","4476","2483"
"3086","3446","3072"
"3236","5207","3262"
"3258","2242","5684"
"3298","551","4434"
"3989","3465","2244"
"5139",NA,"5021"
"107","498","4481"
"421","5725","2366"
"627","1692","3668"
"697","540","5740"
"713","32","4798"
"714","32","4798"
"994","1866","3315"
"997","5421","3315"
"998","1712","3315"
"999","1698","5025"
"1000","3373","5025"
"1006","542","5025"
"2429","5725","5019"
"2471","4321","4143"
"2917","4498","4144"
"3352","32","4801"
"3353","32","4801"
"3686","157","95"
"3687","542","95"
"3699","32","2672"
"3701","32","2672"
"4098","32","3979"
"4099","32","3979"
"4100","32","3979"
"4306","32","2835"
"4507","1674","2477"
"4682","498","4473"
"4688","2899","4473"
"5052","542","2363"
"5054","2899","2363"
"5140","1751","5021"
"5142","3373","4987"
"5143","1698","4987"
"5734","5725","5452"
"7","1963","2651"
"316","5745","5020"
"575","5745","3321"
"695","5050","5740"
"738","318","4477"
"2427","5050","5019"
"2915","2764","4144"
"3688","4773","95"
"4426","2764","1968"
"4626","4869","5453"
"4679","4876","4473"
"5053","3464","2363"
"5698","3857","4478"
"5703","4869","4478"
"105","3601","4481"
"108","959","4481"
"698","1922","5740"
"737","1201","4477"
"996","4870","3315"
"1001","742","5025"
"1004","959","5025"
"1005","959","5025"
"1026","4870","2343"
"2916","4870","4144"
"3569","752","4716"
"3570","752","4716"
"3684","3601","95"
"4677","952","4473"
"4678","952","4473"
"5731","4711","5452"
"5733","4870","5452"
"11","4692","2651"
"109","2241","4481"
"573","2830","3321"
"574","2289","3321"
"696","4692","5740"
"739","205","4477"
"741","1727","4477"
"940","4692","5739"
"1009","2241","5025"
"2424","5047","5019"
"2425","174","5019"
"2446","2241","2675"
"2447","2836","2675"
"2918","5359","4144"
"3351","4372","4801"
"3471","205","4988"
"4094","4372","3979"
"4097","4372","3979"
"4243","2830","5023"
"4246","2737","5023"
"4680","52","4473"
"5273","2836","98"
"5699","205","4478"
"5700","205","4478"
"5732","4692","5452"
"6","1912","2651"
"103","443","4481"
"104","2660","4481"
"694","3856","5740"
"740","2211","4477"
"937","3856","5739"
"938","3856","5739"
"993","3856","3315"
"1002","5744","5025"
"1003","4810","5025"
"1007","4242","5025"
"2426","5512","5019"
"2428","4242","5019"
"2470","2660","4143"
"2914","3856","4144"
"3350","3655","4801"
"3354","2140","4801"
"3472","5062","4988"
"3571","4810","4716"
"3685","1967","95"
"3700","1967","2672"
"3702","2140","2672"
"3704","958","2672"
"3759","4242","4592"
"4096","1199","3979"
"4101","1967","3979"
"4102","2140","3979"
"4104","2674","3979"
"4307","1967","2835"
"4424","5062","1968"
"4425","2660","1968"
"4427","4242","1968"
"4681","4810","4473"
"4684","5570","4473"
"4686","4384","4473"
"5141","2883","5021"
"5145","5062","4987"
"5146","5062","4987"
"5270","2140","98"
"5701","5062","4478"
"5702","5062","4478"
"2448","5207","2675"
"4685","3446","4473"
"4687","4476","4473"
"5272","4161","98"
"1916","3352",NA
"2637","3352","1659"
"1929","2896","4774"
"3358","4038","4842"
"3957","5183","3423"
"2264","2899","1924"
"1955","2896","4302"
"855","4038","5134"
"1702","4038","2038"
"4011","4038","5135"
"5155","4038","2991"
"2555","4036","2565"
"4293","5224","2393"
"4316","573","4778"
"5318","3570","3582"
"767","573","4295"
"775","4168","4295"
"802","573","330"
"1025","573","4311"
"4788","455","2995"
"2350",NA,"3030"
"2352",NA,"3030"
"2355",NA,"3030"
"4588",NA,"4264"
"5564",NA,"5381"
"699","5421","237"
"2351","5421","3030"
"2598","1706","3038"
"2841","2599","4015"
"3475","272","36"
"4736","498","4261"
"5340","157","5309"
"5342","5725","5309"
"703","4869","3769"
"705","4773","3769"
"706","4773","3769"
"707","4773","3769"
"708","4773","3769"
"817","3857","5380"
"2307","2896","801"
"2347","5050","3030"
"2349","5745","3030"
"3474","625","36"
"3670","2896","4159"
"4001","2612","2569"
"4539","4141","4258"
"4743","2896","4261"
"5368","2896","1953"
"5369","2896","1953"
"83","5573","3677"
"270","5573","4113"
"274","1922","3212"
"562","4313","5313"
"709","1922","3769"
"2346","4367","3030"
"2353","3477","3030"
"2845","5573","3490"
"4173","5573","917"
"4174","5573","917"
"5341","4313","5309"
"5343","1922","5309"
"5370","5573","1953"
"144","2813","2479"
"550","2813","2538"
"560","4692","5313"
"819","4906","5380"
"3476","4408","36"
"3877","2289","3032"
"3879","52","3032"
"4576","1681","2288"
"4935","1740","4786"
"5408","174","602"
"5558","196","5381"
"5559","2830","5381"
"275","5077","3212"
"821","5036","5380"
"1853","4810","987"
"1948","573","797"
"1956","3450","4302"
"2843","455","3490"
"2844","5077","3490"
"4537","443","4258"
"4538","5512","4258"
"4540","5512","4258"
"4612","1681","2144"
"4737","4242","4261"
"4739","4384","4261"
"4740","4384","4261"
"4741","4384","4261"
"5158","1696","2991"
"5407","2140","602"
"5561","5512","5381"
"5562","1967","5381"
"1901","1696","4013"
"1905","4586","4013"
"2356","4586","3030"
"2358","2472","3030"
"2367","1681","4599"
"3087","2491","3072"
"3223","1696","3336"
"3227","4586","3336"
"4213","3702","4218"
"4738","3446","4261"
"4742","3757","4261"
"5345","5207","3215"
"3554",NA,"4475"
"4690",NA,"3990"
"5278",NA,"3254"
"5366",NA,"4862"
"85","5725","1804"
"155","542","1047"
"229","32","3253"
"231","32","3253"
"232","32","3253"
"656","5421","3340"
"658","452","3340"
"688","2899","711"
"690","2599","711"
"1977","5725","147"
"2004","2899","3086"
"2932","5725","145"
"3122","3022","3233"
"3307","5725","4147"
"3391","5725","2365"
"3556","5725","4475"
"4192","4714","4149"
"5276","32","3254"
"5282","3022","3254"
"5534","157","4591"
"228","4876","3253"
"654","2764","3340"
"1975","2668","3257"
"2285","5050","2247"
"2286","5050","2247"
"3558","2896","4475"
"3592","2668","161"
"5277","3464","3254"
"5536","4773","4591"
"5538","4773","4591"
"151","2229","1047"
"422","5573","2366"
"655","4870","3340"
"657","3477","3340"
"1978","1922","147"
"2714","5573","4148"
"2715","5573","4148"
"2933","959","145"
"3308","5573","4147"
"3309","5573","4147"
"3392","5573","2365"
"3548","3444","4475"
"3591","5573","161"
"4017","5573","2669"
"4032","5573","4381"
"4034","5573","4381"
"4629","5573","5453"
"4816","5573","4169"
"5537","1922","4591"
"150","2289","1047"
"2578","2241","2250"
"3384","2836","846"
"3547","52","4475"
"3551","52","4475"
"3555","4632","4475"
"156","2883","1047"
"233","5128","3253"
"686","4242","711"
"1974","5128","3257"
"2005","4384","3086"
"2006","5361","3086"
"2716","5077","4148"
"3221","5157","3989"
"3549","4810","4475"
"3550","573","4475"
"3552","4242","4475"
"3557","4384","4475"
"4683","573","4473"
"230","5146","3253"
"234","4262","3253"
"1008","2491","5025"
"2003","2515","3086"
"2449","3761","2675"
"3120","2515","3233"
"3553","3446","4475"
"4628","3702","5453"
"5271","3450","98"
"5280","5207","3254"
"5281","3761","3254"
"5535","1681","4591"
"62",NA,"4098"
"557",NA,"5733"
"1816",NA,"741"
"1817",NA,"741"
"1991",NA,"2917"
"2320",NA,"740"
"4065",NA,"1002"
"4730",NA,"696"
"5696",NA,"5699"
"63","3022","4098"
"285","4498","694"
"307","4498","2425"
"1065","1687","107"
"1769","5421","4680"
"1815","3373","741"
"1992","5725","2916"
"1994","1724","2916"
"2000","4498","1001"
"2908","5725","3699"
"3071","1700","574"
"4068","5725","1002"
"4508","540","1006"
"5147","32","3351"
"5148","32","3351"
"5490","5725","4681"
"58","3464","4098"
"60","3464","4098"
"379","2896","697"
"1068","2896","107"
"1766","4869","3471"
"1998","2764","1001"
"2907","994","737"
"3070","5050","574"
"3171","2240","738"
"3814","1917","3569"
"4064","4869","1002"
"4105","5745","1000"
"4493","4052","4243"
"287","5573","694"
"1064","959","107"
"1770","959","4680"
"1773","4870","4680"
"1997","959","1001"
"4069","5573","1002"
"4510","5573","1006"
"5487","959","4681"
"5694","3858","5699"
"830","5224","4677"
"2547","4692","3571"
"4066","4692","1002"
"5151","3570","3351"
"56","2140","4098"
"61","2674","4098"
"283","2883","694"
"305","4242","2425"
"306","2883","2425"
"831","573","4677"
"832","4242","4677"
"1067","5077","107"
"1767","4242","3471"
"1999","4242","1001"
"2001","455","1001"
"2321","1743","740"
"2627","5077","2915"
"2903","5062","737"
"2904","5062","737"
"2905","3856","737"
"3813","5512","3569"
"4106","4242","1000"
"5153","1668","3351"
"5488","4384","4681"
"5489","5077","4681"
"5695","2660","5699"
"59","2242","4098"
"1821","5207","3354"
"2581","3757","4686"
"2626","551","2915"
"3815","3446","3569"
"4067","2491","1002"
"279","1745","4576"
"1120","2347","3445"
"3806","2637","5387"
"4448","959","4316"
"1181","5155","2996"
"2159","1702","3809"
"4449","1668","4316"
"4452","4384","4316"
"725","157","2555"
"1814","1817","4012"
"3147","5725","4011"
"408","2764","855"
"730","3464","2555"
"3143","5050","4011"
"276","2637","3212"
"563","2637","5313"
"729","4439","2555"
"3145","4870","4011"
"3148","5573","4011"
"3229","2349","3336"
"3299","2349","4434"
"4335","5573","4293"
"4336","5573","4293"
"5041","2349","4435"
"728","3570","2555"
"732","2836","2555"
"971","1702","5208"
"3297","5155","4434"
"4150","5155","3489"
"4153","5155","3489"
"4171","5155","917"
"726","2140","2555"
"727","2674","2555"
"3144","4242","4011"
"3146","2883","4011"
"3149","2578","4011"
"4450","4476","4316"
"423","3549","1843"
"975","1853","2485"
"5588",NA,"2350"
"944","2599","2352"
"945","1724","2352"
"4240","5725","5561"
"4640","1666","550"
"4643","3022","550"
"5590","2599","3223"
"2595","4773","5407"
"2596","4773","5407"
"3157","844","5340"
"3158","2473","5340"
"172","5573","2355"
"2597","5573","5407"
"2934","2637","145"
"3545","2637","705"
"4733","5573","4736"
"4756","742","817"
"5539","2637","4591"
"941","5155","5739"
"2415","5155","3296"
"4033","5155","4381"
"4238","4692","5561"
"4239","5359","5561"
"4627","5155","5453"
"4639","3570","550"
"5735","5155","5452"
"4237","2140","5561"
"4642","2674","550"
"4757","5062","817"
"5290","4384","4738"
"942","4586","2352"
"943","831","2352"
"4641","2515","550"
"5589","4586","3223"
"2686",NA,"155"
"77","3022","5277"
"2643","3022","229"
"2862","3022","230"
"4089","2899","3551"
"4091","1670","3551"
"4090","2896","3551"
"4092","2896","3551"
"4668","4773","5534"
"4669","4773","5534"
"5747","2896","3553"
"286","2349","694"
"308","2349","2425"
"556","2349","5733"
"835","2349","4677"
"836","2637","4677"
"1774","2349","4680"
"2340","2349","4626"
"2642","4439","229"
"2919","4439","231"
"4509","2349","1006"
"4670","2637","5534"
"4729","2349","696"
"5577","5573","2932"
"833","5155","4677"
"1772","5155","4680"
"1993","5155","2916"
"2339","5155","4626"
"2920","2836","231"
"3729","2836","232"
"5724","52","3547"
"76","2674","5277"
"2640","2140","229"
"2641","5128","229"
"2860","5128","230"
"5746","4384","3553"
"5748","5361","3553"
"2861","5207","230"
"4088","4476","3551"
"5491","2844","4681"
"5716","3757","3554"
"2149",NA,"1999"
"2151",NA,"1999"
"2468",NA,"2904"
"12","1672","2320"
"463","542","5694"
"464","5421","5694"
"465","4498","5694"
"470","452","5694"
"2150","2599","1999"
"2465","452","2904"
"2708","1699","832"
"2761","5725","5487"
"2762","1692","5487"
"4133","1682","1816"
"5541","1700","2905"
"2463","5050","2904"
"208","1922","58"
"760","2349","1769"
"2469","1916","2904"
"466","2241","5694"
"468","4632","5694"
"877","2241","830"
"878","5155","830"
"2148","2241","1999"
"467","5077","5694"
"469","4384","5694"
"2606","455","5148"
"2775","5077","5488"
"471","3757","5694"
"761","2472","1769"
"4453","833","4316"
"1243","3022","1120"
"70","2637","1181"
"3937","2640","1012"
"3947","2599","3146"
"565","5573","3145"
"2360","2349","3144"
"3946","2349","3146"
"2361","4586","3144"
"4848","2242","726"
"416","959","4757"
"418","4242","4757"
"734","5573","466"
"439","540","416"
"438","5077","416"
