ID,Mother,BirthYear,Sex,BirthWt
321,397,1974,2,8.109999809
388,396,1974,1,6.080000191
483,537,1974,1,3.039999809
513,2079,1974,2,8.92
645,647,1974,2,5.979999905
806,398,1974,2,9.070000381
861,866,1974,1,5.609999809
1056,1063,1974,1,6.080000191
1171,1163,1974,1,7.479999809
2082,2084,1974,1,7.654999809
2335,2338,1974,1,5.325000095
2408,2410,1974,2,6.575000191
2781,594,1974,1,5.540000095
2943,1168,1974,2,6.554999905
2968,2977,1974,2,6.96
3055,3060,1974,1,7.319999619
3138,3408,1974,2,7.675000095
3382,3407,1974,1,7.519999809
3427,3409,1974,2,8.019999809
3455,5247,1974,1,6.260000191
3524,3526,1974,1,7.47
3607,592,1974,2,8.080000191
3918,4893,1974,2,6.620000191
3965,3973,1974,2,6.440000191
4179,4187,1974,1,9.140000191
4203,4211,1974,2,8.525000381
4282,4286,1974,1,7.855000095
4651,4652,1974,2,6.080000191
4919,4894,1974,2,5.355000095
5121,5126,1974,1,6.340000095
5251,5255,1974,1,6.28
5297,4200,1974,2,7.455
5689,2402,1974,1,8.139999809
256,5248,1975,2,6.959999619
322,397,1975,2,8.56
341,347,1975,1,7.119999809
389,396,1975,1,7.119999809
402,405,1975,1,7.075000191
570,3286,1975,2,6.509999905
598,600,1975,1,6.740000191
862,866,1975,1,5.250000095
909,915,1975,1,6.725000191
1057,1063,1975,1,2.840000048
1107,1109,1975,1,8.580000191
1172,1163,1975,2,8.575000191
2083,2084,1975,1,6.940000191
2123,593,1975,2,5.049999809
2173,3380,1975,2,5.870000095
2336,2338,1975,1,6.979999809
2409,2410,1975,2,4.100000095
2782,594,1975,1,5.810000095
2969,2977,1975,1,5.169999809
3056,3060,1975,2,5.860000191
3270,5687,1975,1,6.840000095
3401,3407,1975,1,6.94
3456,5247,1975,2,6.250000095
3608,592,1975,2,6.710000191
3714,3724,1975,2,8.294999619
3725,3712,1975,2,6.310000095
4180,4187,1975,2,7.32
4524,3396,1975,1,4.82
4898,536,1975,2,2.519999905
4938,5119,1975,2,5.225000191
5085,5116,1975,1,5.879999905
5122,5126,1975,2,4.64
5252,5255,1975,2,5.540000095
5261,5268,1975,2,6.620000191
5298,4200,1975,1,7.399999809
5457,5463,1975,2,6.64
5690,2402,1975,2,6.940000191
188,5082,1976,1,5.739999905
257,5248,1976,2,6.925
323,397,1976,2,7.220000191
342,347,1976,1,8.899999809
365,386,1976,1,4.775
403,405,1976,2,6.820000095
484,537,1976,1,3.540000095
492,1985,1976,2,8.380000381
502,489,1976,2,8.599999619
514,2079,1976,2,7.720000191
571,3286,1976,1,5.180000095
863,866,1976,2,7.040000095
880,568,1976,1,6.759999809
890,1054,1976,1,5.239999905
910,915,1976,1,7.14
1058,1063,1976,2,7.120000191
1087,4281,1976,1,3.92
1108,1109,1976,2,5.519999905
1173,1163,1976,1,8.139999809
1881,5706,1976,2,7.720000191
2124,593,1976,2,3.879999905
2326,2331,1976,2,6.940000191
2395,2406,1976,1,5.540000095
2783,594,1976,2,7.519999809
2944,1168,1976,2,8.309999619
2970,2977,1976,2,6.440000191
3271,5687,1976,1,7.44
3428,3409,1976,1,6.979999809
3457,5247,1976,1,6.340000095
3525,3526,1976,2,7.679999619
3715,3724,1976,2,9.28
3726,3712,1976,2,7.14
3919,4893,1976,1,2.680000095
3967,3973,1976,1,5.860000191
4181,4187,1976,1,7.509999905
4205,4211,1976,2,8.080000191
4284,4286,1976,2,7.654999809
4525,3396,1976,2,6.28
4634,2407,1976,1,5.040000095
4920,4894,1976,1,6.040000095
4939,5119,1976,1,4.820000095
5086,5116,1976,2,6.959999619
5253,5255,1976,2,7.180000095
5262,5268,1976,2,6.755000191
5299,4200,1976,2,8.740000191
5458,5463,1976,1,7.225000191
5691,2402,1976,2,6.88
5710,5714,1976,2,6.820000095
189,5082,1977,2,6.28
258,5248,1977,2,6.440000191
366,386,1977,1,7.455
493,1985,1977,1,5.140000191
572,3286,1977,1,6.584999905
579,596,1977,1,5.519999905
864,866,1977,2,4.959999809
911,915,1977,1,6.94
1028,1056,1977,2,6.220000191
1174,1163,1977,2,6.665000191
1797,401,1977,1,4.28
1882,5706,1977,2,8.380000381
2125,593,1977,2,6.925
2327,2331,1977,2,6.28
2396,2406,1977,1,5.474999809
2750,320,1977,2,4.84
2784,594,1977,2,6.619999809
2945,1168,1977,1,6.024999905
3057,3060,1977,1,6.039999905
3139,3408,1977,1,4.560000191
3272,5687,1977,1,6.019999809
3458,5247,1977,1,5.919999905
3510,4179,1977,1,5.860000191
3716,3724,1977,2,7.34
3870,4645,1977,2,5.654999809
3920,4893,1977,1,3.940000191
3940,5121,1977,1,3.960000095
4182,4187,1977,2,6.91
4206,4211,1977,1,6.439999809
4465,860,1977,2,5.624999809
4635,2407,1977,1,6.260000191
4900,536,1977,2,5.874999905
4940,5119,1977,1,6.590000191
5087,5116,1977,2,6.740000191
5124,5126,1977,2,5.310000095
5444,5251,1977,1,1.939999905
5459,5463,1977,2,5.580000191
190,5082,1978,1,4.78
259,5248,1978,2,7.839999809
324,397,1978,2,7.120000191
343,347,1978,2,7.240000191
391,396,1978,2,7.41
404,405,1978,2,6.78
486,537,1978,2,3.940000191
503,489,1978,2,8.240000381
810,398,1978,2,8.555000381
865,866,1978,2,4.439999905
881,568,1978,1,8.56
925,908,1978,2,6.580000191
1223,5260,1978,1,6.940000191
1883,5706,1978,1,8.46
2126,593,1978,2,5.609999809
2519,402,1978,1,4.799999905
2785,594,1978,2,7.32
2878,3401,1978,2,5.355000095
2922,3454,1978,2,7.180000095
2946,1168,1978,2,4.460000095
3162,3412,1978,2,5.94
3459,5247,1978,1,7.23
3611,592,1978,2,5.180000095
3921,4893,1978,2,6.329999905
4196,4282,1978,2,7.220000095
4207,4211,1978,2,7.040000095
4466,860,1978,2,6.14
4529,2965,1978,1,5.42
4901,536,1978,1,3.024999905
4921,4894,1978,1,7.594999809
4961,5708,1978,1,6.695000191
5254,5255,1978,2,7.23
5301,4200,1978,1,7.825000095
5692,2402,1978,1,2.92
260,5248,1979,1,6.340000095
367,386,1979,1,6.580000191
516,2079,1979,1,6.259999809
580,596,1979,1,6.669999809
660,5456,1979,2,6.695000191
674,1040,1979,1,6.479999809
1094,1057,1979,1,5.680000095
1101,3868,1979,1,5.250000095
1175,1163,1979,2,7.240000191
1798,401,1979,2,6.009999905
1810,1107,1979,1,4.659999905
2031,805,1979,1,4.275
2127,593,1979,2,5.379999905
2397,2406,1979,2,3.78
2499,889,1979,2,5.799999905
2786,594,1979,2,6.91
2818,389,1979,2,5.040000095
2947,1168,1979,2,6.46
3199,3382,1979,1,5.000000191
3273,5687,1979,2,6.78
3374,862,1979,1,3.740000095
3403,3407,1979,2,6.91
3460,5247,1979,2,6.580000191
3511,4179,1979,2,7.765000095
3612,592,1979,2,5.609999809
3941,5121,1979,2,5.239999905
3969,3973,1979,1,6.46
4117,483,1979,1,2.975000048
4183,4187,1979,2,8.109999809
4208,4211,1979,1,7.000000191
4530,3270,1979,2,4.840000095
4636,2407,1979,2,5.220000095
5028,909,1979,2,5.860000191
5089,5116,1979,2,6.28
5302,4200,1979,1,7.519999809
5347,3054,1979,2,3.899999809
5445,5251,1979,2,5.339999809
5460,5463,1979,2,4.820000095
5693,2402,1979,2,6.440000191
20,3455,1980,1,4.979999809
261,5248,1980,1,6.919999905
325,397,1980,1,7.380000381
368,386,1980,2,7.479999809
487,537,1980,2,4.41
495,1985,1980,1,8.720000191
504,489,1980,2,8.779999619
661,5456,1980,1,8.020000381
882,568,1980,2,7.940000191
894,1054,1980,1,7.564999809
913,915,1980,2,5.549999809
927,908,1980,2,7.720000095
1030,1056,1980,1,5.940000191
1102,3868,1980,2,8.114999619
1146,910,1980,2,6.040000095
1225,5260,1980,1,8.719999619
1884,5706,1980,2,8.580000191
2175,3380,1980,1,6.624999809
2329,2331,1980,1,7.599999619
2451,3457,1980,2,7.14
2500,889,1980,1,6.225000191
2520,402,1980,2,8.534999809
2752,320,1980,1,7.019999809
2787,594,1980,1,6.895
3164,3412,1980,1,7.540000095
3430,3409,1980,2,5.940000191
3438,1171,1980,2,7.210000191
3613,3609,1980,2,4.839999809
3719,3724,1980,1,6.695000191
3892,2083,1980,2,6.899999809
3922,4893,1980,1,6.124999809
4337,1173,1980,1,5.680000095
4922,4894,1980,2,7.440000191
4943,5119,1980,1,6.28
4962,5708,1980,1,6.860000095
4973,3869,1980,1,7.135000191
5090,5116,1980,2,6.739999905
5100,2395,1980,2,5.220000191
5125,5126,1980,1,4.979999809
5239,3271,1980,1,5.580000191
5303,4200,1980,1,7.91
5348,3054,1980,2,3.92
5411,5458,1980,1,5.92
5501,4920,1980,2,6.839999809
5713,5714,1980,2,6.619999809
21,3455,1981,1,7.519999809
211,5264,1981,1,6.725000191
262,5248,1981,2,7.28
357,880,1981,1,4.979999905
477,2325,1981,1,5.925
488,537,1981,2,6.740000191
662,5456,1981,2,6.620000191
895,1054,1981,1,6.665000191
914,915,1981,1,5.904999905
1091,4281,1981,1,11.03999981
1126,342,1981,1,7.959999619
1176,1163,1981,2,7.299999905
1226,5260,1981,2,10.56
1811,1107,1981,2,8.42
1973,1093,1981,1,5.579999809
2032,805,1981,1,6.040000095
2128,593,1981,2,6.620000191
2176,3380,1981,2,7.955
2267,3968,1981,1,5.759999809
2452,3457,1981,2,6.979999809
2521,402,1981,2,7.965000381
2753,320,1981,2,7.659999809
2788,594,1981,2,6.64
2819,389,1981,1,4.619999809
2879,3401,1981,1,5.78
2923,3454,1981,2,8.039999619
2974,2977,1981,1,6.109999809
3126,5689,1981,2,8.720000191
3200,3382,1981,2,6.425
3461,5247,1981,1,5.109999809
3512,4179,1981,1,7.539999905
3720,3724,1981,2,7.489999809
3819,4414,1981,1,7.520000381
3970,3973,1981,1,5.28
4021,3867,1981,1,7.880000381
4118,483,1981,2,3.979999905
4136,5709,1981,1,7.534999809
4184,4187,1981,2,7.819999619
4210,4211,1981,2,4.600000095
4637,2407,1981,1,7.14
5029,909,1981,2,7.14
5101,2395,1981,2,6.979999809
5212,5085,1981,1,6.720000191
5304,4200,1981,2,9.395
5426,5444,1981,2,5.440000191
5502,4920,1981,2,6.250000095
192,5082,1982,2,5.85
263,5248,1982,2,7.875000381
370,386,1982,2,6.239999905
393,396,1982,1,5.180000095
518,2079,1982,2,6.449999905
582,596,1982,1,6.660000381
663,5456,1982,1,7.06
884,911,1982,2,6.14
896,1054,1982,1,6.519999905
928,908,1982,1,7.099999619
1127,342,1982,2,6.810000095
1147,910,1982,2,6.919999905
1799,401,1982,2,6.049999809
1885,5706,1982,1,7.539999809
2096,5301,1982,1,6.109999809
2164,3055,1982,1,5.119999809
2453,3457,1982,1,7.080000191
2522,402,1982,2,7.275
2789,594,1982,1,5.92
2959,3964,1982,1,5.379999905
2978,3057,1982,2,5.339999809
3006,5088,1982,2,4.799999905
3203,1059,1982,2,5.609999809
3439,1171,1982,2,7.329999905
3462,5247,1982,1,5.659999905
3942,5121,1982,1,6.455
4022,3867,1982,2,7.520000381
4137,5709,1982,2,7.220000191
4185,4187,1982,1,5.040000095
4222,3437,1982,2,7.339999809
4338,1173,1982,2,6.855000095
4468,860,1982,2,3.574999952
4533,3270,1982,1,5.720000095
4923,4894,1982,2,5.780000095
4964,5708,1982,1,7.999999619
5213,5085,1982,1,5.540000095
5240,3271,1982,2,6.320000095
5267,5268,1982,1,6.039999905
5305,4200,1982,1,6.024999905
5412,5458,1982,2,7.075000191
5436,1223,1982,1,7.319999619
5462,5463,1982,2,6.42
213,5264,1983,2,5.839999809
264,5248,1983,1,6.339999809
885,911,1983,1,5.64
897,1054,1983,2,5.040000095
1128,342,1983,1,6.659999809
1227,5260,1983,1,7.479999809
2040,1061,1983,1,4.600000095
2097,5301,1983,1,5.839999809
2177,3380,1983,1,6.28
2215,4961,1983,1,6.680000095
2268,3968,1983,1,5.620000191
2523,402,1983,1,7.14
2628,5302,1983,2,6.739999905
2741,516,1983,2,7.275
2790,594,1983,1,6.119999809
2924,3454,1983,2,7.660000381
2979,3057,1983,2,5.899999809
3166,3412,1983,1,4.220000191
3201,3382,1983,1,6.619999809
3275,5687,1983,2,6.440000191
3404,3407,1983,2,4.539999905
3440,1171,1983,1,4.979999905
3513,4179,1983,2,7.434999905
3615,3609,1983,2,3.940000191
3650,4337,1983,2,6.420000095
3778,1101,1983,2,4.64
3859,2031,1983,1,6.460000095
3874,4645,1983,1,7.109999809
3923,4893,1983,1,4.220000095
4031,3717,1983,2,6.899999809
4119,483,1983,1,3.724999952
4339,1173,1983,2,3.750000095
4419,4421,1983,1,5.119999809
4469,860,1983,2,6.85
5102,2395,1983,2,4.939999905
5168,3510,1983,1,6.91
5214,5085,1983,2,6.419999905
5241,3271,1983,2,4.720000191
5306,4200,1983,1,7.399999809
5399,5411,1983,1,6.019999905
5413,5458,1983,2,7.159999809
5437,1223,1983,1,5.055000095
5447,5251,1983,1,6.019999809
5472,260,1983,1,4.040000095
5503,4920,1983,2,6.615000095
214,5264,1984,2,8.500000191
265,5248,1984,1,6.540000095
352,5466,1984,1,5.949999905
359,880,1984,2,7.260000191
584,596,1984,1,7.520000381
651,881,1984,1,7.659999809
671,4635,1984,1,6.895
929,908,1984,2,7.679999619
1129,342,1984,2,8.440000191
1148,910,1984,2,7.260000191
1207,5239,1984,1,8.06
1228,5260,1984,2,10.92
1232,2958,1984,1,6.540000095
2098,5301,1984,2,6.109999809
2178,3380,1984,2,7.399999809
2292,3969,1984,2,5.810000095
2400,2406,1984,2,5.720000191
2454,3457,1984,2,7.000000191
2524,402,1984,1,7.675000095
2611,5263,1984,1,5.620000191
2614,4962,1984,2,6.239999905
2617,811,1984,1,6.710000191
2755,320,1984,2,5.080000191
2791,594,1984,2,5.320000095
3008,5088,1984,2,5.740000191
3204,1059,1984,1,6.41
3276,5687,1984,2,4.720000191
3514,4179,1984,1,7.14
3616,3609,1984,2,5.100000095
3834,261,1984,2,6.080000191
3943,5121,1984,2,6.44
3972,3973,1984,2,7.659999809
4223,3437,1984,2,7.35
4340,1173,1984,2,6.339999809
4618,4921,1984,1,3.895
4817,4943,1984,1,4.28
4966,5708,1984,1,7.080000191
5031,909,1984,1,5.17
5103,2395,1984,2,5.32
5215,5085,1984,1,7.380000381
5307,4200,1984,2,7.360000095
5438,1223,1984,2,7.374999809
5448,5251,1984,1,5.540000095
5473,260,1984,1,6.639999809
202,4963,1985,2,5.100000095
266,5248,1985,2,7.32
353,5466,1985,2,6.599999619
480,2325,1985,2,5.419999905
652,881,1985,1,8.119999809
672,4635,1985,1,6.17
886,911,1985,1,7.96
898,1054,1985,1,7.455
930,908,1985,2,6.92
1130,342,1985,1,7.039999905
1149,910,1985,1,6.440000191
1208,5239,1985,2,8.119999809
1229,5260,1985,2,7.080000191
2041,1061,1985,2,6.739999905
2064,3942,1985,2,4.680000191
2099,5301,1985,2,7.840000095
2130,1126,1985,2,5.94
2256,3199,1985,1,6.46
2270,3968,1985,1,6.739999619
2293,3969,1985,2,5.479999809
2401,2406,1985,2,5.239999905
2455,3457,1985,2,6.630000095
2525,402,1985,1,7.509999905
2629,5302,1985,2,6.92
2743,516,1985,2,7.91
2792,594,1985,2,5.64
2821,389,1985,2,6.580000191
2926,3454,1985,1,8.455
3009,5088,1985,1,6.64
3167,3412,1985,2,6.710000191
3202,3382,1985,2,5.840000095
3205,1059,1985,2,6.049999809
3441,1171,1985,1,6.685
3507,1060,1985,1,5.500000191
3515,4179,1985,1,7.720000191
3617,3609,1985,2,3.539999905
3645,894,1985,1,8.080000191
3651,4337,1985,1,7.609999809
3835,261,1985,2,7.269999905
3860,2031,1985,1,7.64
3875,4645,1985,1,7.119999809
4025,3867,1985,2,7.640000191
4341,1173,1985,2,7.019999809
4407,392,1985,2,7.32
5169,3510,1985,1,6.854999809
5216,5085,1985,2,6.64
5469,3524,1985,1,7.859999619
5474,260,1985,2,7.255000191
5504,4920,1985,2,6.180000095
89,2789,1986,2,5.320000095
216,5264,1986,2,7.160000381
586,596,1986,1,6.92
1131,342,1986,1,4.120000191
1784,582,1986,1,4.299999905
2013,661,1986,1,7.880000381
2042,1061,1986,1,4.28
2086,4185,1986,2,7.839999809
2100,5301,1986,1,5.28
2179,3380,1986,2,6.554999905
2257,3199,1986,1,5.440000191
2271,3968,1986,1,4.64
2630,5302,1986,1,7.479999809
3010,5088,1986,1,5.220000191
3418,3462,1986,2,5.740000191
3618,3609,1986,1,4.399999809
3836,261,1986,2,6.139999809
3845,3512,1986,2,6.23
3944,5121,1986,2,5.250000095
4224,3437,1986,1,8.119999809
4836,4964,1986,2,7.540000095
4967,5708,1986,1,7.64
5003,3719,1986,2,7.239999905
5439,1223,1986,2,7.520000381
5449,5251,1986,1,4.940000191
90,2789,1987,2,6.140000191
121,190,1987,2,5.974999809
203,4963,1987,1,6.360000191
587,596,1987,2,9.14
653,881,1987,1,8.580000191
668,5456,1987,1,6.400000191
887,911,1987,1,7.909999809
900,1054,1987,2,6.064999809
1132,342,1987,1,7.024999905
1209,5239,1987,2,7.399999809
1931,1885,1987,2,6.839999809
1935,5437,1987,2,6.479999809
1942,3859,1987,1,3.739999905
2043,1061,1987,2,5.28
2101,5301,1987,2,6.94
2105,4533,1987,1,5.879999905
2217,4961,1987,2,6.440000191
2258,3199,1987,1,6.739999905
2272,3968,1987,2,7.659999809
2433,5168,1987,1,6.619999809
2631,5302,1987,1,6.580000191
2744,516,1987,1,7.940000191
3133,476,1987,1,6.000000191
3173,3201,1987,1,4.270000095
3364,2255,1987,2,6.119999809
3516,4179,1987,2,6.14
3619,3609,1987,2,4.7
3638,264,1987,1,7.255000191
3652,4337,1987,1,7.059999905
3773,650,1987,1,7.840000095
3837,261,1987,1,7.85
3861,2031,1987,1,6.64
4080,2960,1987,1,4.799999905
4123,483,1987,2,5.210000191
4386,928,1987,2,6.680000095
4408,392,1987,2,8.440000191
4486,2453,1987,2,5.379999905
4837,4964,1987,1,6.760000191
4968,5708,1987,1,6.934999905
5097,663,1987,2,6.120000191
5105,2395,1987,2,4.419999905
5170,3510,1987,1,7.239999905
5217,5085,1987,2,6.374999905
5244,3271,1987,2,4.439999905
5402,5411,1987,2,7.720000191
5431,5444,1987,2,7.32
5440,1223,1987,1,6.659999809
5470,3524,1987,1,6.479999809
5475,260,1987,1,6.339999809
5505,4920,1987,2,4.239999905
210,664,1988,2,7.959999619
218,5264,1988,1,5.259999809
309,3860,1988,2,6.580000191
588,596,1988,2,8
1159,3651,1988,1,8.84
1235,2958,1988,2,7.720000191
1826,2524,1988,1,6.680000191
1943,3859,1988,2,6.399999809
2014,661,1988,1,6.820000095
2044,1061,1988,1,3.895
2066,3942,1988,1,6.42
2102,5301,1988,2,6.340000095
2180,3380,1988,2,7.419999905
2295,3969,1988,2,6.28
2526,402,1988,1,8.440000191
2632,5302,1988,1,6.440000191
3012,5088,1988,1,5.440000191
3246,265,1988,1,5.14
3279,5687,1988,1,3.94
3365,2255,1988,2,6.839999809
3509,1060,1988,2,7.339999809
3620,3609,1988,1,3
3646,894,1988,1,6.78
3774,650,1988,2,6.440000191
3838,261,1988,2,7.2
3846,3512,1988,2,6.680000095
3862,2031,1988,1,4.709999905
3945,5121,1988,1,4.940000191
4225,3437,1988,1,7.64
4361,651,1988,1,6.579999809
4487,2453,1988,2,5.659999905
4654,4966,1988,1,6.739999905
4821,4943,1988,1,7.120000191
5058,5031,1988,1,7.900000191
5114,5267,1988,2,7.7
5245,3271,1988,1,5.580000191
5325,3514,1988,2,6.979999809
5450,5251,1988,1,3.78
5476,260,1988,1,6.040000095
5506,4920,1988,2,5.94
40,3645,1989,1,6.680000095
91,2789,1989,1,7.009999905
122,190,1989,1,6.42
204,4963,1989,1,5.825000095
310,3860,1989,2,4.680000095
519,3507,1989,1,7.119999809
634,3204,1989,1,5.960000095
823,3874,1989,1,6.619999809
888,911,1989,2,5.600000095
1827,2524,1989,2,7.240000191
1932,1885,1989,1,5.159999809
1936,5437,1989,2,6.32
2067,3942,1989,1,6.080000191
2087,4185,1989,1,5.44
2103,5301,1989,1,4.705000095
2218,4961,1989,1,5.479999809
2223,352,1989,2,5.925
2259,3199,1989,1,7.120000191
2273,3968,1989,1,7.280000095
2310,2756,1989,2,5.479999809
2527,402,1989,1,5.725000191
2620,811,1989,2,8.740000381
3013,5088,1989,1,3.940000191
3174,3201,1989,1,6.000000191
3247,265,1989,1,5.680000191
3517,4179,1989,2,8.880000381
3639,264,1989,2,7.775
3647,894,1989,1,6.829999905
3728,4419,1989,1,5.600000095
3825,4414,1989,2,8.420000381
3831,3440,1989,2,6.28
4005,4945,1989,1,7.139999809
4081,2960,1989,2,5.540000095
4488,2453,1989,1,4.659999905
4655,4966,1989,2,7.459999619
4822,4943,1989,2,6.820000095
4829,4224,1989,2,7.120000191
4858,4944,1989,1,4.82
4969,5708,1989,1,6.680000095
5004,3719,1989,2,6.119999809
5218,5085,1989,2,6.659999809
5332,886,1989,1,4.659999809
5432,5444,1989,1,7.109999809
5441,1223,1989,1,7.865
5507,2256,1989,1,5.720000095
92,2789,1990,1,8.380000381
111,4967,1990,2,6.860000095
195,2270,1990,1,6.359999905
220,5264,1990,1,5.42
311,3860,1990,1,6.419999905
520,3507,1990,2,8.019999809
611,3823,1990,1,6.41
1135,3377,1990,2,7.120000191
1160,3651,1990,1,7.64
1211,5239,1990,2,7.300000381
1236,2958,1990,2,7.44
1787,582,1990,1,8.32
1828,2524,1990,2,7.920000381
1878,3618,1990,1,5.054999905
1944,3859,1990,1,6.479999809
1961,2611,1990,2,7.530000191
2045,1061,1990,1,6.810000095
2068,3942,1990,2,7.140000191
2088,4185,1990,1,6.040000095
2104,5301,1990,1,5.240000191
2113,1973,1990,1,7.740000381
2137,5265,1990,2,6.34
2219,4961,1990,2,6.810000095
2260,3199,1990,2,6.874999905
2274,3968,1990,2,6.5
2296,3969,1990,1,6.239999905
2435,5168,1990,1,7.624999809
2528,402,1990,1,7.479999905
2583,2630,1990,2,6.940000191
2633,5302,1990,2,6.710000191
2746,516,1990,2,8.32
2809,4946,1990,1,4.024999905
2852,5113,1990,2,5.259999809
3182,5169,1990,2,7.609999809
3248,265,1990,2,6.630000095
3640,264,1990,1,8.755000191
3648,894,1990,2,7.82
3654,4337,1990,1,7.310000095
3748,4019,1990,2,6.699999809
3826,4414,1990,2,6.680000095
3840,261,1990,1,7.225000191
3847,3512,1990,1,6.600000095
3899,3515,1990,2,7.32
4029,3867,1990,1,6.419999905
4082,2960,1990,2,4.739999905
4345,1173,1990,2,7.310000095
4460,5448,1990,2,6.06
4621,4921,1990,2,6.540000095
4823,4943,1990,1,7.210000191
4932,3819,1990,1,7.64
5059,5031,1990,2,7.549999809
5333,886,1990,2,7.094999809
5404,5411,1990,2,9.2
5477,260,1990,1,7.855000095
33,2258,1991,1,5.600000095
46,4837,1991,1,6.094999809
93,2789,1991,1,5.91
112,4967,1991,1,7.220000191
165,203,1991,2,7.319999619
196,2270,1991,2,7.450000095
205,4963,1991,2,5.82
312,3860,1991,1,5.120000191
635,3204,1991,1,7.14
789,5440,1991,2,6.210000191
869,371,1991,2,7
1097,1207,1991,1,5.760000191
1136,3377,1991,2,6.440000191
1142,5170,1991,1,7.020000381
1212,5239,1991,1,7.32
1237,2958,1991,2,8.560000381
1788,582,1991,1,7.339999809
1829,2524,1991,2,8.025000381
1933,1885,1991,1,6.940000191
1937,5437,1991,1,8.14
1962,2611,1991,1,8.78
2016,661,1991,2,7.28
2069,3942,1991,1,4.82
2089,4185,1991,2,6.82
2138,5265,1991,2,6.87
2225,352,1991,2,6.14
2261,3199,1991,2,5.460000095
2297,3969,1991,2,5.91
2311,2756,1991,2,8.979999809
2493,3129,1991,2,7.28
2529,402,1991,2,4.94
2561,2618,1991,2,6.530000191
2584,2630,1991,1,6.32
2634,5302,1991,1,5.280000095
2656,2619,1991,1,5.239999905
2747,516,1991,1,6.360000191
2810,4946,1991,2,5.124999809
2824,389,1991,1,4.519999809
3042,2065,1991,1,4.659999905
3135,476,1991,1,7.124999809
3153,4618,1991,2,6.260000191
3176,3201,1991,2,5.710000191
3249,265,1991,2,6.26
3323,2744,1991,2,6.5
3421,3462,1991,2,6.379999905
3776,650,1991,2,7.2
3832,3440,1991,1,6.360000095
3841,261,1991,2,6.879999905
3848,3512,1991,1,7.620000191
3900,3515,1991,1,7.41
3906,2961,1991,1,5.680000191
4006,4945,1991,1,7.974999809
4363,651,1991,2,6.750000095
4399,3010,1991,2,4.519999905
4461,5448,1991,1,6.839999809
4562,2257,1991,1,5.28
4754,3652,1991,1,6.759999809
4824,4943,1991,1,6.190000095
4830,4224,1991,2,8.080000191
4839,4964,1991,1,8.019999809
4859,4944,1991,2,6.739999905
4871,3861,1991,1,3.78
4983,3773,1991,2,6.479999809
4989,5242,1991,1,6.100000095
5044,668,1991,1,6.479999809
5060,5031,1991,1,6.659999809
5185,4470,1991,1,5.080000191
5326,3514,1991,1,6.919999905
5405,5411,1991,2,5.440000191
5442,1223,1991,1,6.820000095
5478,260,1991,2,4.710000191
5508,2256,1991,2,6.34
5544,671,1991,2,6.64
34,2258,1992,2,5.039999905
94,2789,1992,1,5.64
222,5264,1992,2,5.14
521,3507,1992,2,7.899999809
612,3823,1992,1,7.020000381
795,2100,1992,2,4.679999905
1161,3651,1992,2,7.725000191
1164,823,1992,1,5.839999809
1238,2958,1992,2,5.225000191
1789,582,1992,1,6.030000191
1830,2524,1992,2,7.64
1868,2526,1992,2,7.339999809
1945,3859,1992,1,5.78
2046,1061,1992,2,5.739999905
2090,4185,1992,2,6.599999619
2107,4533,1992,2,6.360000191
2114,1973,1992,2,8.440000191
2312,2756,1992,1,5.78
2436,5168,1992,1,7.479999809
2530,402,1992,1,5.14
2585,2630,1992,1,5.569999905
2624,2433,1992,1,6.64
2635,5302,1992,1,5.91
2657,2619,1992,2,5.559999905
2748,516,1992,2,7.119999809
2811,4946,1992,1,4.64
2825,389,1992,2,4.519999905
3183,5169,1992,1,6.739999905
3250,265,1992,2,6.109999809
3540,2133,1992,2,8.119999809
3641,264,1992,2,8.119999809
3655,4337,1992,2,7.38
3697,887,1992,1,5.210000191
3827,4414,1992,1,5.979999809
3833,3440,1992,2,7.825000095
3842,261,1992,1,5.654999809
3907,2961,1992,1,3.899999809
4083,2960,1992,1,5.240000191
4127,634,1992,2,5.42
4227,3437,1992,1,7.64
4346,1173,1992,2,6.994999905
4364,651,1992,2,7.140000191
4462,5448,1992,2,7.32
4490,2453,1992,2,5.260000191
4492,4838,1992,1,5.979999809
4657,4966,1992,2,8.899999619
4755,3652,1992,2,7.17
4825,4943,1992,2,6.940000191
4840,4964,1992,2,8.154999809
4860,4944,1992,2,5.180000191
4904,4225,1992,2,6.515000191
4984,3773,1992,1,7.099999619
5006,3719,1992,2,7.619999809
5046,2044,1992,2,5.78
5172,3510,1992,2,7.64
5334,886,1992,1,7.120000191
5545,671,1992,1,5.820000095
35,2258,1993,1,7.710000191
47,4837,1993,2,7.340000095
114,4967,1993,1,7.539999905
166,203,1993,2,7.825000095
197,2270,1993,2,6.039999905
254,2215,1993,2,7.979999809
440,2259,1993,1,4.940000191
636,3204,1993,1,6.79
790,5440,1993,1,5.609999809
931,2527,1993,1,5.399999809
1199,91,1993,2,6.620000191
1213,5239,1993,2,5.600000095
1790,582,1993,2,7.06
1831,2524,1993,1,8.040000381
1869,2526,1993,2,8.46
1938,5437,1993,1,8.019999809
1963,2611,1993,2,7.710000381
2047,1061,1993,1,6.600000095
2059,5332,1993,1,4.630000095
2115,2087,1993,1,5.06
2139,5265,1993,2,6.42
2227,352,1993,1,6.740000191
2262,3199,1993,1,5.440000191
2313,2756,1993,1,5.540000095
2388,2045,1993,1,5.450000095
2437,5168,1993,1,7.065
2494,3129,1993,1,6.594999809
2562,2618,1993,1,7.240000191
3043,2065,1993,1,5.64
3154,4618,1993,1,6.749999809
3177,3201,1993,1,5.940000191
3849,3512,1993,1,6.82
3901,3515,1993,2,7.310000095
4046,204,1993,2,6.159999809
4074,3366,1993,2,4.78
4084,2960,1993,1,4.979999905
4400,3010,1993,2,6.38
4455,4488,1993,1,4.810000095
4563,2257,1993,2,5.760000191
4658,4966,1993,2,8.679999619
4775,219,1993,2,6.900000095
4791,5441,1993,1,6.599999905
4831,4224,1993,1,8.624999809
4872,3861,1993,1,5.519999809
4905,4225,1993,1,7.839999809
4985,3773,1993,1,6.379999905
5045,668,1993,2,7.725000191
5061,5031,1993,2,7.260000191
5327,3514,1993,1,7.540000095
36,2258,1994,1,6.895
48,4837,1994,1,6.280000095
115,4967,1994,1,7.91
198,2270,1994,1,6.940000191
314,3860,1994,1,6.41
441,2259,1994,1,5.120000191
522,3507,1994,1,7.28
750,195,1994,2,7.639999809
791,5440,1994,1,5.040000095
932,2527,1994,1,6.14
1098,1207,1994,2,4.220000095
1200,91,1994,2,6.339999809
1214,5239,1994,1,7.360000191
1791,582,1994,2,6.7
1832,2524,1994,1,7.620000191
1870,2526,1994,1,9.010000381
1939,5437,1994,1,6.41
1964,2611,1994,2,4.039999809
2048,1061,1994,1,3.280000095
2060,5332,1994,1,5.024999905
2072,3942,1994,1,5.720000191
2185,1787,1994,2,5.88
2314,2756,1994,2,6.695000191
2373,220,1994,1,6.379999905
2389,2045,1994,2,6.2
2587,2630,1994,1,6.300000191
2647,1944,1994,2,5.464999905
2696,2435,1994,1,5.360000095
3044,2065,1994,1,5.639999809
3184,5169,1994,1,6.765000095
3251,265,1994,2,7.875000381
3642,264,1994,1,7.06
3656,4337,1994,1,3.900000095
3777,650,1994,2,8.480000381
3850,3512,1994,2,5.059999905
3908,2961,1994,2,7.295000095
3986,3847,1994,1,6.190000095
4075,3366,1994,1,4.41
4085,2960,1994,2,2.299999952
4463,5448,1994,2,7.419999905
4491,2453,1994,2,7.275
4557,3640,1994,1,5.840000095
4564,2257,1994,1,6.059999905
4760,2273,1994,1,6.42
4776,219,1994,1,7.665000191
4792,5441,1994,1,5.760000191
4826,4943,1994,1,6.440000191
4832,4224,1994,2,8.324999619
4841,4964,1994,2,9.32
4873,3861,1994,2,5.624999809
4906,4225,1994,2,6.839999809
4990,5242,1994,1,7.019999809
5047,2044,1994,2,8.060000381
5062,5031,1994,2,7.124999809
5131,3654,1994,2,6.73
5294,112,1994,1,5.794999809
5335,886,1994,2,7.620000191
5546,671,1994,1,6.94
116,4967,1995,1,6.620000191
199,2270,1995,2,5.440000191
442,2259,1995,1,6.500000191
523,3507,1995,2,5.46
751,195,1995,1,6.249999809
792,5440,1995,1,5.710000191
874,3900,1995,2,8.260000191
933,2527,1995,2,5.91
1073,93,1995,1,5.154999809
1099,1207,1995,1,5.300000191
1139,3377,1995,1,5.554999905
1201,91,1995,2,5.820000095
1220,1142,1995,2,6.180000191
1792,582,1995,1,7.319999619
1833,2524,1995,1,6.46
1871,2526,1995,2,7.575000191
2049,1061,1995,2,3.494999905
2073,3942,1995,1,5.64
2141,92,1995,2,7.099999905
2202,4823,1995,1,2.750000048
2210,3840,1995,2,6.639999809
2229,352,1995,2,5.879999905
2315,2756,1995,2,6.120000191
2390,2045,1995,1,5.425
2439,5168,1995,1,7.34
2588,2630,1995,1,6.739999619
2697,2435,1995,2,6.164999905
2812,4946,1995,1,5.075000191
3155,4618,1995,2,5.680000095
3179,3201,1995,1,5.139999809
3424,3462,1995,1,5.854999809
3690,1160,1995,1,7.119999809
3739,4754,1995,1,6.320000095
3851,3512,1995,2,5.580000191
3887,3905,1995,1,3.900000095
3909,2961,1995,1,5.639999809
4047,204,1995,2,7.28
4076,3366,1995,2,4.474999809
4086,2960,1995,1,2.840000048
4464,5448,1995,1,6.619999809
4477,4871,1995,1,6.860000191
4558,3640,1995,2,2.799999952
4761,2273,1995,2,4.479999809
4777,219,1995,2,5.859999905
4874,3861,1995,2,2.799999952
4907,4225,1995,1,7.310000095
5023,4989,1995,1,5.150000191
5048,2044,1995,2,4.549999809
5132,3654,1995,2,5.275
5178,2747,1995,2,6.884999809
5295,112,1995,2,6.009999905
5328,3514,1995,1,6.934999905
5336,886,1995,2,7.080000191
5352,5326,1995,2,7.160000381
50,4837,1996,2,7.419999905
117,4967,1996,1,6.399999809
443,2259,1996,2,5.710000095
524,3507,1996,2,7.500000191
638,3204,1996,1,6.739999905
1074,93,1996,1,5.054999905
1100,1207,1996,2,4.860000191
1144,2115,1996,1,5.225000191
1834,2524,1996,1,7.220000191
1872,2526,1996,1,7.639999809
2050,1061,1996,1,3.299999952
2061,5332,1996,1,5.899999809
2074,3942,1996,2,6.800000191
2211,3840,1996,2,8.079999809
2316,2756,1996,2,7.680000191
2375,220,1996,2,7.119999809
2391,2045,1996,1,6.059999905
2440,5168,1996,2,8.56
2460,4839,1996,2,7.64
2589,2630,1996,2,6.580000191
2648,1944,1996,2,7.239999905
2813,4946,1996,2,4.739999905
3180,3201,1996,2,4.120000191
3192,3174,1996,1,4.710000191
3326,2744,1996,1,7.059999905
3577,2624,1996,1,6.440000381
3740,4754,1996,2,7.120000191
3888,3905,1996,1,6.64
3903,3515,1996,2,9.42
3910,2961,1996,2,7.56
3987,3847,1996,2,5.78
4077,3366,1996,1,5.44
4478,4871,1996,1,6.440000191
4660,4966,1996,2,8.14
4778,219,1996,1,7.040000095
4801,3367,1996,1,7.940000191
4827,4943,1996,1,8.219999619
4833,4224,1996,2,9.440000191
4875,3861,1996,2,6.119999809
4987,3773,1996,1,8.64
4991,5242,1996,1,6.879999905
5133,3654,1996,1,7.14
5337,886,1996,1,7.28
5381,3042,1996,1,5.979999809
5548,671,1996,2,5.740000191
38,2258,1997,2,7.524999905
244,4084,1997,2,5.539999905
752,195,1997,2,9.219999619
793,5440,1997,2,6.84
875,3900,1997,2,8.000000191
1075,93,1997,2,6.675000095
1113,3849,1997,1,6.379999905
1141,3377,1997,1,6.979999809
1203,91,1997,1,6.259999809
1794,582,1997,1,5.379999905
1850,2088,1997,2,5.460000095
1873,2526,1997,1,8.940000191
1892,3043,1997,2,5.540000095
2025,48,1997,2,6.979999809
2075,3942,1997,1,6.28
2119,2087,1997,1,5.940000191
2143,92,1997,1,6.739999619
2188,1787,1997,1,5.899999809
2203,4823,1997,2,5.540000095
2281,4826,1997,1,2.610000048
2376,220,1997,1,6.260000191
2392,2045,1997,2,5.979999809
2571,4831,1997,2,5.879999905
2590,2630,1997,2,7.14
2649,1944,1997,1,3.160000095
2661,2619,1997,1,5.839999809
2814,4946,1997,2,2.925
3000,2373,1997,1,6.360000191
3181,3201,1997,1,5.000000191
3187,5169,1997,2,8.010000381
3242,2047,1997,2,4.960000095
3321,313,1997,1,7.979999809
3481,3177,1997,1,5.659999905
3578,2624,1997,2,5.739999905
3691,1160,1997,1,7.44
3911,2961,1997,1,6.249999809
3979,440,1997,1,6.580000191
4048,204,1997,1,7.120000191
4052,3697,1997,2,5.295000095
4078,3366,1997,1,5.500000191
4130,634,1997,1,8.220000191
4145,4990,1997,1,6.680000095
4396,4905,1997,1,6.959999619
4559,3640,1997,2,5.940000191
4567,2257,1997,2,6.820000095
4704,2438,1997,1,6.479999809
4715,4365,1997,2,6.84
4762,2273,1997,1,6.239999619
4843,4964,1997,2,9.129999619
4876,3861,1997,2,5.419999905
5024,4989,1997,2,5.320000095
5050,2044,1997,2,4.895
5134,3654,1997,1,6.46
5180,2747,1997,2,7.459999619
5329,3514,1997,1,7.119999809
5338,886,1997,1,7.925
5382,3042,1997,2,6.619999809
51,4837,1998,1,6.540000095
118,4967,1998,1,8.740000381
245,4084,1998,1,5.620000191
431,3642,1998,1,6.195000191
445,2259,1998,2,7.725000191
525,3507,1998,2,6.580000191
639,3204,1998,1,8.7
747,612,1998,1,6.755000191
841,3848,1998,2,6.760000191
1076,93,1998,1,5.755000191
1204,91,1998,1,7.560000381
1835,2524,1998,1,7.620000191
1874,2526,1998,1,8.824999619
2076,3942,1998,2,3.92
2109,49,1998,1,5.14
2144,92,1998,1,6.740000191
2189,1787,1998,2,6.619999809
2212,3840,1998,2,8.809999619
2231,352,1998,1,6.120000191
2393,2045,1998,1,7.42
2441,5168,1998,2,8.580000191
2477,314,1998,1,6.195000191
2542,2262,1998,2,6.64
2591,2630,1998,1,6.455
2650,1944,1998,1,6.699999809
2662,2619,1998,1,5.180000095
3001,2373,1998,1,6.680000095
3047,2065,1998,1,5.680000095
3156,4618,1998,1,4.895
3193,3174,1998,1,5.619999809
3243,2047,1998,1,4.78
3322,313,1998,2,8.580000191
3475,36,1998,1,5.040000095
3482,3177,1998,1,5.680000095
3579,2624,1998,2,6.620000191
3588,1870,1998,1,8.080000191
3637,116,1998,1,6.320000095
3692,1160,1998,2,8.619999809
3890,3905,1998,2,6.980000095
3904,3515,1998,1,7.275
3915,2494,1998,2,8.06
3957,3423,1998,2,6.955
4037,3739,1998,2,4.879999905
4049,204,1998,1,7.979999809
4079,3366,1998,1,4.650000191
4146,4990,1998,2,7.440000191
4246,5023,1998,2,3.839999809
4397,4905,1998,1,6.680000095
4403,3010,1998,1,6.959999619
4603,2313,1998,2,6.64
4661,4966,1998,2,8.020000381
4779,219,1998,2,6.220000095
4795,5441,1998,1,6.575000191
4834,4224,1998,2,8.580000191
4845,5187,1998,2,4.78
4854,4857,1998,2,7.46
4877,3861,1998,2,6.44
4887,35,1998,2,7.720000095
5017,2439,1998,1,6.479999809
5025,4989,1998,1,6.32
5108,2072,1998,1,5.080000191
5135,3654,1998,1,7.78
5486,791,1998,1,6.360000191
5549,671,1998,2,7.220000191
52,4837,1999,2,7.225000191
119,4967,1999,2,8.2
170,203,1999,1,7.14
175,168,1999,2,6.220000191
246,4084,1999,2,5.019999809
432,3642,1999,1,7.839999809
446,2259,1999,2,6.150000191
741,4477,1999,1,6.239999905
753,195,1999,2,8.180000191
794,5440,1999,1,5.659999809
1111,638,1999,2,6.609999809
1114,3849,1999,1,6.46
1156,3657,1999,1,5.760000191
1205,91,1999,2,7.019999809
1836,2524,1999,2,5.159999809
1852,2088,1999,2,7.039999809
1875,2526,1999,2,8.354999619
2038,871,1999,1,5.755000191
2190,1787,1999,1,6.7
2204,4823,1999,2,5.479999905
2283,4826,1999,2,3.64
2378,220,1999,2,6.35
2394,2045,1999,1,5.564999809
2442,5168,1999,2,5.159999809
2572,4831,1999,1,8.150000191
2592,2630,1999,1,6.220000095
2651,1944,1999,1,6.659999809
2700,2435,1999,2,6.180000095
2838,441,1999,2,8.084999619
2893,2812,1999,2,3.379999905
3002,2373,1999,2,7.940000191
3048,2065,1999,2,4.940000191
3188,5169,1999,1,7.180000095
3244,2047,1999,1,5.979999905
3269,3179,1999,2,5.080000191
3333,2060,1999,2,3.500000191
3362,4842,1999,1,5.85
3451,1832,1999,2,7.64
3476,36,1999,2,5.479999905
3483,3177,1999,2,6.295000095
3484,2659,1999,2,5.825000095
3498,1834,1999,1,5.94
3589,1870,1999,1,7.810000095
3680,4793,1999,1,5.759999809
3742,4754,1999,1,8.124999809
3853,3512,1999,2,4.739999905
3912,2961,1999,1,5.210000191
3916,2494,1999,2,9.56
3980,440,1999,2,6.14
4038,3739,1999,2,7.449999905
4050,204,1999,2,6.860000191
4053,3697,1999,2,6.64
4132,634,1999,1,7.295000095
4319,4778,1999,1,3.500000191
4356,4464,1999,2,6.400000095
4398,4905,1999,1,6.619999809
4438,2388,1999,2,5.839999809
4481,4871,1999,1,6.759999809
4483,2588,1999,2,5.839999809
4504,2390,1999,2,5.994999905
4568,2257,1999,1,4.42
4604,2313,1999,2,5.479999809
4705,2438,1999,1,7.264999809
4717,4365,1999,2,6.839999809
4780,219,1999,2,6.360000095
4796,5441,1999,2,6.579999809
4844,4964,1999,1,6.649999905
5036,3539,1999,2,7.44
5051,2044,1999,1,6.419999905
5181,2747,1999,2,7.660000381
5330,3514,1999,2,7.360000191
5384,3042,1999,2,6.460000095
5398,1833,1999,2,5.73
5684,2563,1999,1,7.099999619
174,168,2000,2,7.14
301,3425,2000,1,4.255000191
426,3642,2000,1,7.139999809
788,5440,2000,1,7.540000095
837,3848,2000,2,6.425
959,4776,2000,2,6.440000381
1112,3849,2000,1,6.84
1218,1142,2000,2,7.479999809
1864,2526,2000,1,7.220000095
2055,5332,2000,1,4.220000191
2140,92,2000,2,6.2
2195,4823,2000,2,2.5
2205,3840,2000,1,7.240000191
2275,4826,2000,2,6.150000191
2370,220,2000,1,5.124999809
2381,2045,2000,2,5.35
2458,4839,2000,1,7.225000191
2476,314,2000,1,6.180000191
2488,3690,2000,1,6.039999905
2558,2618,2000,1,6.900000191
2566,4831,2000,1,8.055000381
2582,2630,2000,1,4.120000191
2671,442,2000,2,4.650000191
2692,2435,2000,2,7.310000095
2831,441,2000,2,7.64
2950,4991,2000,1,5.425
2991,2373,2000,1,6.92
3040,2065,2000,1,3.820000095
3259,3179,2000,1,3.940000191
3315,313,2000,1,8.049999809
3442,1832,2000,2,7.425
3730,636,2000,1,7.29
3751,1872,2000,2,4.94
3763,3909,2000,1,5.109999809
3897,3515,2000,2,7.32
4072,3366,2000,2,4.594999809
4141,4990,2000,2,9.080000191
4294,2376,2000,1,4.140000191
4394,4905,2000,1,7.2
4431,2388,2000,2,6.925
4598,2313,2000,1,5.210000191
4691,2856,2000,2,8.300000381
4745,1962,2000,2,8.119999809
4759,2273,2000,2,7.360000095
4798,3367,2000,1,6.44
4869,3861,2000,2,5.1
5011,2439,2000,2,7.580000191
5019,4989,2000,1,6.025000095
5078,5179,2000,2,6.820000095
5127,3654,2000,1,8.034999809
5142,4987,2000,2,5.119999809
5385,1833,2000,2,5.725000191
5480,791,2000,1,6.710000191
5558,5381,2000,2,6.000000191
5698,4478,2000,1,5.395
5738,1212,2000,1,4.979999809
43,4837,2001,1,7.120000191
164,203,2001,1,7.78
424,2061,2001,1,3.44
427,3642,2001,1,7.180000095
749,195,2001,2,7.28
851,5134,2001,2,7.360000095
920,5337,2001,2,5.235000095
1047,3732,2001,1,6.759999809
1152,3657,2001,1,5.860000191
1197,91,2001,2,6.739999905
1865,2526,2001,2,8.510000381
2172,2188,2001,1,3.519999905
2196,4823,2001,1,4.839999809
2206,3840,2001,2,7.940000191
2276,4826,2001,1,4.32
2382,2045,2001,1,5.979999809
2479,2661,2001,1,3.600000095
2489,3690,2001,2,4.540000095
2509,3911,2001,1,3.810000095
2537,2262,2001,2,6.940000191
2551,2565,2001,2,5.14
2645,1944,2001,2,6.35
2688,792,2001,1,5.160000095
2693,2435,2001,2,6.839999809
2832,441,2001,1,7.079999809
2884,2812,2001,2,5.2
3239,2047,2001,2,6.414999809
3252,118,2001,2,3.619999809
3350,4801,2001,2,5.7
3355,4842,2001,1,5.539999905
3474,36,2001,2,6.720000095
3560,4762,2001,1,4.220000095
3581,1870,2001,1,7.579999809
3604,4396,2001,2,6.820000095
3672,4793,2001,1,8.28
3694,1222,2001,2,6.28
3734,4754,2001,1,8.179999619
3752,1872,2001,2,7.300000381
3764,3909,2001,1,4.620000191
3974,440,2001,2,6.440000191
4036,3739,2001,2,7.32
4094,3979,2001,2,4.239999905
4235,1873,2001,2,6.559999905
4432,2388,2001,2,6.41
4473,4871,2001,1,6.240000191
4482,2588,2001,1,6.065
4505,2391,2001,1,3.949999905
4599,2313,2001,1,6.41
4702,2438,2001,2,7.2
4790,5441,2001,1,7.180000095
4994,934,2001,2,6.38
5012,2439,2001,1,6.919999905
5176,2747,2001,1,6.899999809
5182,3691,2001,2,5.594999809
5374,3042,2001,1,5.940000191
5386,1833,2001,1,5.919999905
5699,4478,2001,1,6.32
5739,1212,2001,1,5.680000095
87,170,2002,2,6.519999809
95,245,2002,1,6.23
158,51,2002,2,6.38
428,3642,2002,2,8.040000381
544,4557,2002,1,4.530000191
573,3321,2002,2,6.919999905
682,1113,2002,2,6.039999905
738,4477,2002,1,6.079999809
838,3848,2002,1,6.739999905
921,5337,2002,1,5.750000095
999,5025,2002,1,6.23
1219,1142,2002,2,8.920000381
1890,3043,2002,1,6.720000191
2368,1204,2002,1,4.725000191
2371,220,2002,1,5.620000191
2383,2045,2002,1,5.32
2567,4831,2002,2,6.300000381
2672,442,2002,1,4.620000191
2885,2812,2002,2,4.444999809
3030,3000,2002,1,6.260000191
3050,639,2002,1,6.019999809
3245,5017,2002,1,6.64
3260,3179,2002,1,5.5
3316,313,2002,2,7.839999809
3444,1832,2002,2,7.425
3582,1870,2002,1,7.339999809
3765,3909,2002,1,5.519999809
3790,3904,2002,1,5.839999809
4073,3366,2002,2,4.460000095
4142,4990,2002,2,7.800000381
4157,4795,2002,1,7.094999809
4243,5023,2002,1,6.024999905
4507,2477,2002,1,5.7
4774,219,2002,1,7.619999809
4851,4857,2002,2,5.030000191
4870,3861,2002,2,5.839999809
5020,4989,2002,1,6.56
5128,3654,2002,2,7.519999809
5143,4987,2002,2,6.494999905
5387,1833,2002,1,6.275
5481,791,2002,1,7.380000381
96,245,2003,1,6.580000191
243,4084,2003,2,5.325000095
361,4750,2003,2,6.959999619
739,4477,2003,1,6.710000191
852,5134,2003,1,8.404999619
922,5337,2003,2,6.049999809
1000,5025,2003,1,6.620000191
1198,91,2003,2,6.88
1815,741,2003,1,5.929999809
1867,2526,2003,2,8.210000191
1909,4398,2003,1,5.839999809
1968,3154,2003,1,7.220000191
2023,48,2003,2,8.479999809
2056,5332,2003,1,6.549999809
2197,4823,2003,1,4.239999905
2207,3840,2003,1,8.220000191
2277,4826,2003,1,6.640000191
2372,220,2003,2,5.810000095
2384,2045,2003,2,7.009999905
2510,3911,2003,2,6.355000095
2538,2262,2003,1,6.839999809
2552,2565,2003,1,6.839999809
2612,4844,2003,2,7.239999905
2646,1944,2003,2,7.620000191
2654,2619,2003,2,7.06
2673,442,2003,2,7.040000095
2689,792,2003,2,7.440000191
2694,2435,2003,2,6.620000191
2834,441,2003,1,7.980000381
2886,2812,2003,1,4.940000191
3031,3000,2003,2,7.580000191
3240,2047,2003,2,5.680000191
3253,5684,2003,1,6.580000191
3351,4801,2003,1,7.710000191
3356,4842,2003,2,8.010000381
3445,1832,2003,1,7.840000095
3561,4762,2003,2,6.639999809
3583,1870,2003,2,8.139999809
3673,4793,2003,1,7.600000095
3753,1872,2003,2,8.219999619
3766,3909,2003,2,6.940000191
3807,5338,2003,1,7.109999809
3975,440,2003,2,7.64
4143,4990,2003,1,7.980000381
4158,4795,2003,1,6.220000191
4258,4294,2003,1,6.049999809
4296,2376,2003,2,6.764999809
4349,4464,2003,2,8.109999809
4433,2388,2003,2,6.949999905
4441,1156,2003,2,6.339999809
4474,4871,2003,2,7.760000191
4606,2144,2003,1,5.839999809
4799,3367,2003,1,8.180000191
5013,2439,2003,1,8.759999809
5129,3654,2003,1,6.489999809
5177,2747,2003,2,9.2
5376,3042,2003,2,6.810000095
5388,1833,2003,1,5.979999905
5482,791,2003,1,7.225000191
5525,1139,2003,2,7.619999809
5559,5381,2003,2,7.995000381
5567,3326,2003,1,7.759999809
5682,2563,2003,2,9.039999619
5700,4478,2003,2,8.019999809
5740,1212,2003,1,6.440000191
6,2651,2004,1,6.820000095
97,245,2004,2,6.180000191
103,4481,2004,2,6.28
150,1047,2004,1,4.780000095
159,51,2004,2,6.479999905
303,3425,2004,1,7.479999809
328,3188,2004,2,6.35
454,360,2004,2,7.119999809
574,3321,2004,1,6.479999809
601,3589,2004,2,8.839999809
684,1113,2004,2,6.619999809
740,4477,2004,1,6.810000095
819,5380,2004,2,5.639999809
917,2394,2004,1,6.080000191
923,5337,2004,2,6.250000095
1001,5025,2004,1,7.395
1021,4311,2004,1,3.889999905
1891,3043,2004,2,6.979999905
1910,4398,2004,1,7.220000191
1918,5127,2004,1,5.725000191
2168,2558,2004,1,6.195000191
2208,3840,2004,1,6.92
2278,4826,2004,2,5.710000191
2342,2566,2004,2,6.979999905
2362,4599,2004,2,6.38
2385,2045,2004,2,5.374999905
2480,2661,2004,2,6.639999809
2511,3911,2004,1,3.754999952
2553,2565,2004,1,6.739999905
2560,2618,2004,1,7.580000191
2568,4831,2004,2,7.425
2865,43,2004,2,4.839999809
2887,2812,2004,2,4.800000191
2903,737,2004,2,5.844999905
2952,4991,2004,1,6.119999809
2994,2373,2004,1,7.024999905
3003,4394,2004,1,5.239999905
3032,3000,2004,1,7.079999809
3190,3174,2004,1,2.840000048
3241,2047,2004,2,5.220000191
3261,3179,2004,2,7.540000095
3312,2592,2004,1,5.310000095
3357,4842,2004,1,7.019999809
3478,3177,2004,1,7.479999809
3487,5051,2004,2,7.440000381
3562,4762,2004,2,5.795000095
3584,1870,2004,2,7.594999809
3674,4793,2004,1,6.73
3767,3909,2004,1,6.040000095
3791,3904,2004,2,7.780000095
3808,5338,2004,2,6.91
3954,3362,2004,2,7.064999809
3976,440,2004,1,5.524999905
4096,3979,2004,1,4.310000095
4297,2376,2004,1,4.78
4350,4464,2004,1,6.739999905
4434,2388,2004,1,6.000000191
4506,2391,2004,1,6.019999809
4589,3763,2004,1,4.749999809
4677,4473,2004,1,5.1
4711,4365,2004,2,8.354999619
4756,817,2004,1,5.41
4767,3680,2004,1,6.739999905
4996,934,2004,1,3.994999905
5014,2439,2004,1,6.749999809
5021,4989,2004,1,6.239999905
5145,4987,2004,1,6.64
5154,2991,2004,1,5.259999809
5377,3042,2004,1,7.509999905
5389,1833,2004,2,7.295000095
5526,1139,2004,1,7.56
104,4481,2005,1,3.88
235,1152,2005,1,3.659999809
304,3425,2005,1,7.580000191
854,5134,2005,2,8.82
993,3315,2005,1,7.659999809
1011,5176,2005,2,6.679999905
1816,741,2005,1,6.580000191
1969,3154,2005,1,6.519999905
2019,3050,2005,1,7.009999905
2248,5565,2005,2,8.039999619
2279,4826,2005,2,7.120000191
2346,3030,2005,2,6.879999905
2424,5019,2005,2,7.039999905
2491,3690,2005,2,6.509999905
2554,2565,2005,1,8.14
2574,788,2005,1,6.479999809
2674,442,2005,2,8.119999809
2690,792,2005,2,7.325000095
2835,441,2005,1,7.73
2866,43,2005,1,5.85
2867,5012,2005,1,5.509999905
2995,2373,2005,1,6.540000095
3254,5684,2005,1,6.080000191
3281,3259,2005,1,5.080000191
3446,1832,2005,2,8.824999619
3479,3177,2005,2,6.119999809
3737,4754,2005,1,7.519999809
3754,1872,2005,1,7.580000191
3768,3909,2005,2,6.169999809
4010,5135,2005,2,6.85
4097,3979,2005,2,3.529999952
4159,4795,2005,1,6.46
4259,4294,2005,1,7.540000095
4289,2393,2005,2,6.660000381
4298,2376,2005,1,5.180000191
4442,1156,2005,2,6.879999905
4475,4871,2005,1,6.040000095
4601,2313,2005,1,7.14
4607,2144,2005,2,4.879999905
4768,2034,2005,2,7.239999905
5130,3654,2005,1,6.42
5390,1833,2005,2,6.739999905
5483,791,2005,2,6.619999809
5701,4478,2005,2,8.030000191
5741,1212,2005,1,5.839999809
7,2651,2006,1,6.839999809
98,245,2006,1,6.860000095
143,2479,2006,2,4.964999905
151,1047,2006,2,6.580000191
455,360,2006,2,8.030000191
547,2538,2006,2,4.5
575,3321,2006,2,7.78
602,3589,2006,1,6.620000191
691,2383,2006,1,5.78
713,4798,2006,1,3.399999809
754,4008,2006,1,6.795000095
763,4295,2006,1,4.650000191
855,5134,2006,1,7.920000381
918,2394,2006,1,8.88
957,2849,2006,2,5.239999905
964,4776,2006,2,6.78
1002,5025,2006,1,7.540000095
1013,301,2006,2,5.755000191
1022,4311,2006,1,5.530000191
1115,3445,2006,2,5.239999905
1919,5127,2006,2,7.540000095
1920,4774,2006,2,4.619999809
2058,5332,2006,2,4.14
2169,2558,2006,1,6.879999905
2280,4826,2006,1,5.220000095
2343,2566,2006,1,6.850000191
2421,921,2006,1,4.249999809
2481,2661,2006,1,6.239999905
2513,3911,2006,2,5.139999809
2569,4831,2006,1,8.179999619
2836,441,2006,2,7.740000381
2889,2812,2006,2,4.509999905
2904,737,2006,1,6.739999619
2953,4991,2006,1,6.940000191
2996,2373,2006,1,7.14
3033,3000,2006,1,6.580000191
3255,5684,2006,2,6.540000095
3262,3179,2006,1,6.1
3282,3259,2006,1,2.600000095
3313,2592,2006,2,6.255000191
3352,4801,2006,2,7.539999905
3358,4842,2006,1,8.659999809
3447,1832,2006,2,7.740000381
3472,4988,2006,1,5.91
3480,3177,2006,2,3.879999905
3488,5051,2006,2,6.710000191
3563,4762,2006,2,5.265000095
3585,1870,2006,1,4.239999905
3675,4793,2006,1,7.82
3755,1872,2006,1,6.320000095
3769,3909,2006,1,6.28
3792,3904,2006,2,7.659999809
3794,5387,2006,2,4.650000191
3809,5338,2006,1,6.739999905
3977,440,2006,2,4.320000095
4011,5135,2006,1,8.82
4098,3979,2006,1,5.150000191
4144,4990,2006,1,7.079999809
4160,4795,2006,2,6.32
4260,4294,2006,2,6.895
4290,2393,2006,1,5.680000095
4299,2376,2006,2,5.855000095
4377,4157,2006,2,6.180000095
4435,2388,2006,1,6.040000095
4493,4243,2006,1,4.720000191
4537,4258,2006,2,4.159999809
4590,3763,2006,2,6.530000191
4608,2144,2006,1,4.680000095
4678,4473,2006,2,4.479999809
4712,4365,2006,2,7.800000381
4997,934,2006,1,5.400000095
5022,4989,2006,1,5.940000381
5155,2991,2006,2,7.825000095
5225,2063,2006,1,5.220000191
5309,3582,2006,1,5.440000191
5378,3042,2006,1,6.220000095
5391,1833,2006,1,5.940000191
5694,5699,2006,1,6.05
5742,1212,2006,2,5.620000191
105,4481,2007,2,6.120000191
144,2479,2007,1,3.925
228,3253,2007,2,6.180000095
236,1152,2007,1,5.680000095
434,3790,2007,1,8.160000381
456,360,2007,2,7.360000095
548,2538,2007,2,6.429999809
603,3589,2007,1,6.979999905
692,2383,2007,1,4.440000191
711,1918,2007,1,6.109999809
714,4798,2007,2,7.040000095
764,4295,2007,1,5.860000191
821,5380,2007,1,7.340000095
924,5337,2007,2,7.009999905
937,5739,2007,2,6.159999905
1003,5025,2007,2,7.85
1155,3657,2007,2,7.440000381
1817,741,2007,2,7.400000191
1970,3154,2007,1,6.32
2200,4823,2007,2,2.44
2249,5565,2007,2,8.160000381
2285,2247,2007,2,7.580000191
2320,740,2007,1,7.300000381
2347,3030,2007,2,8.180000191
2363,4599,2007,1,7.740000381
2387,2045,2007,2,5.139999809
2482,2661,2007,2,5.760000191
2492,3690,2007,1,6.210000191
2575,788,2007,2,7.554999905
2666,4158,2007,1,7.225000191
2837,441,2007,2,6.609999809
2930,3673,2007,2,6.139999809
2954,4991,2007,1,7.240000191
2997,2373,2007,1,7.679999619
3034,3000,2007,2,8.395
3171,738,2007,2,6.379999905
3263,3179,2007,1,4.180000095
3283,3259,2007,2,7.024999905
3318,313,2007,2,8.28
3328,1153,2007,1,8.929999809
3334,5129,2007,1,5.860000095
3340,852,2007,1,7.6
3564,4762,2007,2,3.299999952
3586,1870,2007,2,9.14
3676,4793,2007,1,6.519999905
3684,95,2007,1,6.680000191
3699,2672,2007,1,5.024999905
3770,3909,2007,2,4.840000095
3795,5387,2007,1,4.180000095
3877,3032,2007,2,5.92
3978,440,2007,2,5.339999809
4012,5135,2007,1,8.079999809
4099,3979,2007,1,3.839999809
4161,4795,2007,2,5.925
4300,2376,2007,1,6.699999905
4315,4778,2007,2,5.74
4424,1968,2007,2,6.449999905
4436,2388,2007,1,5.040000095
4443,1156,2007,2,7.579999809
4476,4871,2007,2,7.23
4538,4258,2007,1,4.559999905
4591,3763,2007,1,5.379999905
4602,2313,2007,1,5.539999905
4679,4473,2007,2,6.795000095
4998,934,2007,1,7.23
5147,3351,2007,2,6.739999905
5310,3582,2007,2,6.360000095
5379,3042,2007,1,4.860000095
5392,1833,2007,1,6.710000191
5452,5481,2007,1,6.509999905
5484,791,2007,2,6.594999809
5561,5381,2007,1,6.780000095
5702,4478,2007,2,7.479999905
237,1152,2008,1,4.339999809
316,5020,2008,2,6.839999809
604,3589,2008,1,7.640000191
756,4008,2008,2,9.78
765,4295,2008,2,6.64
843,2554,2008,2,5.955
856,5134,2008,2,8.940000191
1004,5025,2008,2,7.120000191
1116,3445,2008,1,6.025000095
1189,5388,2008,2,4.96
1921,4774,2008,2,6.720000191
1997,1001,2008,1,6.479999809
2170,2558,2008,1,6.440000191
2286,2247,2008,2,8.78
2364,4599,2008,2,7.73
2470,4143,2008,2,5.860000191
2483,2661,2008,1,5.44
2515,3911,2008,2,5.23
2576,788,2008,2,6.549999809
2691,792,2008,2,7.34
2890,2812,2008,2,5.06
2905,737,2008,1,6.519999809
3035,3000,2008,2,7.55
3072,2056,2008,1,4.600000095
3256,5684,2008,2,6.28
3291,4434,2008,2,6.14
3359,4842,2008,1,9.2
3489,5051,2008,1,6.210000191
3571,4716,2008,1,8.609999809
3587,1870,2008,2,6.940000191
3661,4159,2008,1,6.7
3756,1872,2008,2,8.039999619
3793,3904,2008,2,7.64
3796,5387,2008,2,5.73
3811,5338,2008,2,6.810000095
4100,3979,2008,1,3.754999952
4105,1000,2008,1,5.680000191
4133,1816,2008,1,6.040000095
4165,917,2008,1,5.609999809
4261,4294,2008,1,7.319999619
4301,2376,2008,1,5.825000095
4378,4157,2008,2,5.38
4539,4258,2008,2,5.720000191
4609,2144,2008,2,6.270000191
4680,4473,2008,1,8.84
4999,934,2008,1,3.955
5156,2991,2008,2,6.860000191
5226,2063,2008,2,7.14
5311,3582,2008,2,6.69
5393,1833,2008,1,5.440000191
5695,5699,2008,2,7.119999809
145,2479,2009,1,6.254999905
176,2574,2009,1,5.91
229,3253,2009,1,7.440000191
238,1152,2009,1,6.310000095
435,3790,2009,1,7.120000191
549,2538,2009,2,6.7
605,3589,2009,2,8.46
693,2383,2009,2,6.119999809
694,5740,2009,1,4.049999809
766,4295,2009,2,5.23
938,5739,2009,1,3.739999952
1024,4311,2009,2,6.539999905
1117,3445,2009,2,7.78
1190,5388,2009,2,5.44
1239,235,2009,2,3.91
1803,4601,2009,2,6.039999809
1841,2055,2009,1,6.959999619
1922,4774,2009,2,5.899999809
1971,3154,2009,2,6.340000095
2171,2558,2009,2,7.710000191
2321,740,2009,2,9.95
2349,3030,2009,2,7.920000381
2426,5019,2009,2,7.080000191
2516,3911,2009,1,5.440000191
2556,2565,2009,1,6.559999905
2667,4158,2009,2,6.64
2897,918,2009,2,6.14
2955,4991,2009,2,6.580000191
2998,2373,2009,1,5.78
3036,3000,2009,1,6.524999905
3070,574,2009,1,7.000000191
3265,3179,2009,2,5.139999809
3341,852,2009,2,7.280000095
3353,4801,2009,2,6.94
3360,4842,2009,1,8.079999809
3450,1832,2009,2,7.46
3548,4475,2009,2,5.925
3662,4159,2009,1,7.760000191
3685,95,2009,1,7.540000095
3700,2672,2009,2,5.979999809
3757,1872,2009,2,6.680000095
3771,3909,2009,2,5.94
3797,5387,2009,1,6.855000095
3984,5130,2009,1,5.159999905
4013,5135,2009,1,7.419999905
4162,4795,2009,1,5.180000191
4215,3754,2009,2,5.639999809
4262,4294,2009,2,7.339999809
4291,2393,2009,2,9.92
4302,2376,2009,1,4.320000095
4306,2835,2009,1,4.955
4316,4778,2009,1,4.539999809
4379,4157,2009,2,4.91
4425,1968,2009,2,7.059999905
4444,1156,2009,1,8.459999619
4540,4258,2009,2,6.400000095
4592,3763,2009,1,5.620000191
4681,4473,2009,1,6.840000095
4783,2995,2009,1,5.369999809
5000,934,2009,1,3.254999952
5139,5021,2009,2,6.310000095
5157,2991,2009,2,6.300000381
5227,2063,2009,2,7.660000381
5394,1833,2009,2,5.429999809
5562,5381,2009,1,6.019999905
5696,5699,2009,1,5.825000095
12,2320,2010,2,6.955
107,4481,2010,1,5.579999809
146,2479,2010,1,3.840000095
177,2574,2010,1,5.05
230,3253,2010,1,5.42
239,1152,2010,2,7.339999809
408,855,2010,1,6.449999905
416,4757,2010,1,6.619999809
463,5694,2010,2,6.024999905
550,2538,2010,1,5.739999905
703,3769,2010,2,5.855000095
767,4295,2010,1,5.940000191
844,2554,2010,2,5.940000191
996,3315,2010,1,7.14
1005,5025,2010,2,7.440000191
1026,2343,2010,2,5.429999809
1766,3471,2010,2,4.940000191
1948,797,2010,1,5.524999905
1998,1001,2010,2,6.440000191
2156,3809,2010,2,5.079999809
2365,4599,2010,1,6.810000095
2463,2904,2010,2,5.960000095
2484,2661,2010,1,5.720000095
2914,4144,2010,2,6.009999905
2999,2373,2010,1,4.540000095
3071,574,2010,2,6.839999809
3073,2056,2010,1,4.56
3143,4011,2010,2,4.829999905
3210,5391,2010,1,4.240000191
3490,5051,2010,1,7.619999809
3549,4475,2010,2,5.679999905
3678,4793,2010,1,7.020000381
3701,2672,2010,2,5.840000095
3813,3569,2010,2,8.84
3879,3032,2010,1,7.740000381
3985,5130,2010,1,8.330000381
4001,2569,2010,1,6.425
4064,1002,2010,2,5.479999809
4101,3979,2010,2,3.839999809
4106,1000,2010,1,4.619999809
4163,4795,2010,2,4.91
4166,917,2010,2,4.339999809
4263,4294,2010,1,6.594999809
4292,2393,2010,2,5.255000191
4303,2376,2010,2,4.559999905
4307,2835,2010,2,5.399999809
4550,5225,2010,2,6.680000191
4611,2144,2010,2,5.639999809
4682,4473,2010,1,6.260000191
4784,2995,2010,1,4.425
4917,434,2010,2,6.795000095
5148,3351,2010,1,8.354999619
5276,3254,2010,2,5.64
5407,602,2010,1,5.855000095
5453,5481,2010,1,6.080000191
5485,791,2010,1,6.14
5703,4478,2010,1,6.350000191
56,4098,2011,1,5.019999905
147,2479,2011,1,4.395
155,1047,2011,1,8.824999619
551,2538,2011,2,5.639999809
654,3340,2011,2,8.339999809
686,711,2011,2,8.679999619
695,5740,2011,2,4.28
725,2555,2011,2,5.479999809
802,330,2011,2,6.800000191
997,3315,2011,2,6.85
1025,4311,2011,1,7.06
1191,5388,2011,1,4.760000191
2427,5019,2011,2,7.419999905
2471,4143,2011,1,6.339999809
2472,2421,2011,2,6.14
2517,3911,2011,2,4.619999809
2557,2565,2011,2,8.339999809
2892,2812,2011,1,2.855000095
3211,5391,2011,2,2.984999952
3267,3179,2011,1,6.479999809
3293,4434,2011,2,8.740000381
3337,5129,2011,2,8.120000191
3342,852,2011,1,7.839999809
3361,4842,2011,1,8.010000381
3521,620,2011,2,5.78
3550,4475,2011,2,8.249999809
3679,4793,2011,2,7.92
3686,95,2011,2,7.880000381
3758,1872,2011,2,8.120000191
3799,5387,2011,1,5.339999809
3812,5338,2011,2,7.054999905
3989,2244,2011,1,6.7
3994,5378,2011,2,5.220000191
4102,3979,2011,1,1.869999976
4264,4294,2011,1,6.225000191
4380,4157,2011,2,6.419999905
4594,3763,2011,2,5.82
4612,2144,2011,2,6.455
4683,4473,2011,2,6.860000095
4785,2995,2011,2,6.91
5001,934,2011,2,5.039999905
5037,4435,2011,2,7.000000191
5056,2997,2011,2,6.760000191
5340,5309,2011,1,3.600000095
5396,1833,2011,1,5.94
5534,4591,2011,1,4.755000191
5564,5381,2011,1,4.580000191
79,3677,2012,2,5.91
108,4481,2012,2,7.295000095
178,2574,2012,1,6.064999809
231,3253,2012,1,8.039999619
305,2425,2012,2,6.710000191
464,5694,2012,2,5.440000191
552,2538,2012,2,7.039999905
655,3340,2012,2,7.995000381
699,237,2012,1,5.799999905
769,4295,2012,1,5.419999905
845,2554,2012,1,6.479999809
1006,5025,2012,1,7.180000095
1180,2996,2012,2,8.129999619
1192,5388,2012,2,3.569999905
1767,3471,2012,2,7.539999809
1769,4680,2012,1,4.040000095
1804,4601,2012,1,7.009999905
1901,4013,2012,2,6.009999905
1925,4774,2012,2,7.139999809
2351,3030,2012,2,6.540000095
2366,4599,2012,1,8.23
2485,2661,2012,1,5.659999905
2532,3755,2012,1,5.040000095
2547,3571,2012,1,8.84
2578,2250,2012,2,6.440000381
2668,4158,2012,2,8.099999619
2907,737,2012,1,8.41
2915,4144,2012,1,7.82
3074,2056,2012,1,5.059999905
3144,4011,2012,1,7.940000191
3212,5391,2012,1,5.680000191
3223,3336,2012,1,6.739999905
3232,3262,2012,2,7.499999619
3338,5129,2012,2,7.819999619
3551,4475,2012,1,7.019999809
3665,4159,2012,2,9.019999809
3687,95,2012,2,6.855000095
3702,2672,2012,2,6.73
3800,5387,2012,1,6.329999905
3814,3569,2012,2,8.109999809
3990,2244,2012,1,7.064999809
4065,1002,2012,2,6.979999809
4111,4998,2012,1,5.299999809
4147,3489,2012,1,6.064999809
4164,4795,2012,2,6.840000095
4167,917,2012,2,8.06
4216,3754,2012,1,5.540000095
4237,5561,2012,1,6.599999905
4265,4294,2012,1,5.79
4267,4444,2012,2,6.5
4304,2376,2012,2,6.080000191
4381,4157,2012,1,4.949999905
4426,1968,2012,2,6.44
4517,3328,2012,1,9.06
4576,2288,2012,1,7.459999619
4684,4473,2012,1,7.329999905
4736,4261,2012,1,5.635000191
4786,2995,2012,1,7.925
5052,2363,2012,2,6.680000191
5140,5021,2012,1,6.979999809
5158,2991,2012,2,6.919999905
5277,3254,2012,1,6.91
5408,602,2012,2,8.330000381
5454,5481,2012,2,7.38
5541,2905,2012,1,6.964999905
5731,5452,2012,1,7.220000191
58,4098,2013,1,4.474999809
80,3677,2013,2,5.680000095
109,4481,2013,1,2.479999905
148,2479,2013,2,5.225000191
156,1047,2013,1,6.29
179,2574,2013,1,6.260000191
242,1152,2013,1,7.319999619
350,3676,2013,2,6.199999905
418,4757,2013,1,6.92
465,5694,2013,1,5.820000095
553,2538,2013,2,6.855000095
656,3340,2013,2,7.159999809
696,5740,2013,1,4.429999809
727,2555,2013,2,6.964999905
770,4295,2013,2,3.299999952
846,2554,2013,1,6.860000191
940,5739,2013,1,4.549999809
1007,5025,2013,2,6.590000191
1119,3445,2013,2,6.64
1193,5388,2013,2,5.180000191
1770,4680,2013,2,5.239999905
1814,4012,2013,2,6.739999905
1926,4774,2013,1,6.680000095
1953,4302,2013,1,4.610000191
2000,1001,2013,1,4.030000191
2095,2169,2013,1,5.690000095
2158,3809,2013,1,6.210000191
2367,4599,2013,2,7.64
2428,5019,2013,2,6.239999905
2473,2421,2013,2,5.860000095
2505,2483,2013,1,5.225000191
2533,3755,2013,2,2.580000048
2640,229,2013,2,6.220000191
2669,4158,2013,1,6.979999809
2686,155,2013,2,6.1
2916,4144,2013,1,7.109999809
3039,3000,2013,1,3.919999905
3145,4011,2013,1,8.179999619
3213,5391,2013,2,5.600000095
3258,5684,2013,2,5.329999905
3552,4475,2013,1,6.73
3666,4159,2013,1,6.280000095
3688,95,2013,2,6.509999905
3759,4592,2013,2,4.925
3801,5387,2013,2,6.540000095
3815,3569,2013,2,7.720000095
3995,5378,2013,2,5.139999809
4104,3979,2013,2,2.840000095
4112,4998,2013,1,5.24
4148,3489,2013,1,4.530000191
4168,917,2013,2,6.280000095
4217,3754,2013,1,3.439999952
4238,5561,2013,2,5.979999809
4266,4294,2013,1,7.000000095
4355,4464,2013,1,6.019999905
4427,1968,2013,2,7.015000191
4448,4316,2013,1,7.210000191
4595,3763,2013,2,6.540000095
4613,2144,2013,1,5.440000191
4626,5453,2013,1,5.295000095
4685,4473,2013,2,7.139999809
4737,4261,2013,2,6.300000381
4787,2995,2013,1,6.440000191
5141,5021,2013,2,5.940000191
5270,98,2013,2,6.580000191
5315,3582,2013,1,6.429999809
5397,1833,2013,2,4.38
5487,4681,2013,1,6.539999905
5535,4591,2013,2,6.325000095
5724,3547,2013,1,4.479999809
5732,5452,2013,2,6.91
1,2516,2014,2,6.240000191
11,2651,2014,2,8.039999619
161,3798,2014,1,3.979999905
180,2574,2014,2,5.810000095
283,694,2014,1,5.220000095
306,2425,2014,2,6.925
466,5694,2014,1,6.44
554,2538,2014,2,6.049999809
560,5313,2014,1,5.509999905
657,3340,2014,2,7
705,3769,2014,1,7.680000191
728,2555,2014,1,6.979999809
847,2554,2014,2,7.109999809
877,830,2014,1,6.019999905
971,5208,2014,2,7.240000191
998,3315,2014,1,8.719999619
1008,5025,2014,1,5.440000191
1064,107,2014,1,5.994999905
1181,2996,2014,1,8.579999809
1194,5388,2014,1,3.680000095
1805,4601,2014,2,6.810000095
1902,4013,2014,2,6.96
1927,4774,2014,1,7.779999619
1954,4302,2014,2,5.379999905
2001,1001,2014,2,6.720000095
2159,3809,2014,1,4.310000095
2353,3030,2014,1,7.239999905
2465,2904,2014,1,7.38
2474,2421,2014,1,6.540000095
2606,5148,2014,2,5.96
2843,3490,2014,2,5.609999809
3087,3072,2014,2,7.660000381
3146,4011,2014,1,7.579999809
3214,5391,2014,1,4.91
3224,3336,2014,1,6.720000191
3491,5051,2014,2,5.895
3553,4475,2014,1,6.839999809
3667,4159,2014,2,7.959999809
3802,5387,2014,1,2.539999905
4016,5135,2014,2,5.295000095
4066,1002,2014,1,6.860000191
4113,4998,2014,1,6.900000191
4149,3489,2014,1,5.310000095
4169,917,2014,1,6.310000095
4218,3754,2014,1,5.91
4449,4316,2014,1,5.810000095
4639,550,2014,1,4.23
4686,4473,2014,1,5.479999905
4738,4261,2014,1,6.825000095
4788,2995,2014,1,6.810000095
5053,2363,2014,2,7.329999905
5151,3351,2014,1,8.46
5159,2991,2014,1,5.05
5231,2063,2014,2,6.78
5278,3254,2014,2,7.130000095
5316,3582,2014,1,3.430000048
5341,5309,2014,2,6.23
5488,4681,2014,1,6.530000191
5536,4591,2014,2,6.46
5588,2350,2014,1,7.020000381
5733,5452,2014,1,7.23
59,4098,2015,2,4.929999809
81,3677,2015,1,4.900000095
149,2479,2015,1,3.140000048
181,2574,2015,1,5.019999809
233,3253,2015,2,7.050000191
247,3074,2015,1,2.450000095
307,2425,2015,1,6.949999809
438,416,2015,2,6.400000095
467,5694,2015,1,7.75
658,3340,2015,2,9.079999809
688,711,2015,2,8.124999809
697,5740,2015,1,5.150000191
706,3769,2015,2,6.494999905
729,2555,2015,2,6.554999905
848,2554,2015,2,7.449999809
1009,5025,2015,1,5.109999809
1772,4680,2015,2,8.41
1903,4013,2015,2,5.130000095
1928,4774,2015,1,6.149999905
1955,4302,2015,2,6.1
1974,3257,2015,2,6.539999905
1977,147,2015,2,5.479999905
2003,3086,2015,2,5.740000095
2148,1999,2015,2,7.130000095
2160,3809,2015,2,7.039999905
2304,801,2015,1,6.875
2360,3144,2015,1,6.55
2446,2675,2015,2,6.479999905
2475,2421,2015,2,6.519999809
2506,2483,2015,1,5.780000095
2595,5407,2015,2,6.850000191
2641,229,2015,1,6.249999809
2826,5396,2015,1,4.474999905
2860,230,2015,1,5.720000095
2908,3699,2015,2,7.5
2917,4144,2015,1,7.41
3215,5391,2015,1,5.325000095
3225,3336,2015,2,7.710000191
3234,3262,2015,2,6.8
3297,4434,2015,1,7.539999905
3668,4159,2015,1,5.519999809
3803,5387,2015,2,5.94
4063,5574,2015,2,6.05
4067,1002,2015,2,5.775000095
4088,3551,2015,2,4.64
4150,3489,2015,2,6.024999905
4170,917,2015,1,5.850000191
4450,4316,2015,2,5.524999905
4588,4264,2015,1,5.419999905
4627,5453,2015,2,7.210000191
4640,550,2015,1,4.325000095
4687,4473,2015,2,6.41
4739,4261,2015,1,6.925
4789,2995,2015,1,7.154999809
5072,4574,2015,1,4.05
5202,5528,2015,1,6.855000095
5271,98,2015,1,7.825000095
5317,3582,2015,1,6.395
5537,4591,2015,2,6.210000191
5579,5200,2015,2,6.32
2,2516,2016,1,5.379999905
60,4098,2016,2,5.339999809
76,5277,2016,2,6.7
82,3677,2016,2,6.38
85,1804,2016,1,5.874999905
162,3798,2016,2,5.100000095
182,2574,2016,2,6.130000095
234,3253,2016,2,8.580000191
274,3212,2016,2,6.239999905
285,694,2016,2,6.119999809
351,3676,2016,1,7.259999809
439,416,2016,2,7.009999905
468,5694,2016,1,5.810000095
562,5313,2016,2,8.14
707,3769,2016,2,7.870000095
730,2555,2016,2,7.340000095
773,4295,2016,1,4.919999905
835,4677,2016,2,5.919999905
849,2554,2016,2,7.980000381
878,830,2016,1,6.680000095
941,5739,2016,2,5.640000191
942,2352,2016,2,6.339999809
975,2485,2016,1,5.325000095
1065,107,2016,1,6.040000095
1121,3445,2016,1,8.339999619
1196,5388,2016,2,5.149999905
1773,4680,2016,1,6.039999905
1806,4601,2016,1,6.395
1929,4774,2016,1,7.440000191
1956,4302,2016,2,5.839999809
2004,3086,2016,2,6.92
2149,1999,2016,2,7.130000095
2264,1924,2016,2,4.32
2305,801,2016,2,7.14
2339,4626,2016,1,6.549999809
2361,3144,2016,1,6.425
2429,5019,2016,2,6.100000095
2447,2675,2016,1,7.139999809
2535,3755,2016,1,4.479999905
2596,5407,2016,2,7.740000381
2598,3038,2016,2,7.030000191
2626,2915,2016,1,6.620000191
2642,229,2016,1,7.32
2708,832,2016,1,7.019999809
2761,5487,2016,2,4.169999809
2827,5396,2016,1,6.56
2844,3490,2016,2,7.240000191
2861,230,2016,1,6.019999905
2918,4144,2016,2,9.28
2919,231,2016,1,7.42
2933,145,2016,2,6.425
3076,2056,2016,2,5.195000191
3088,3072,2016,1,6.979999809
3120,3233,2016,2,6.124999809
3147,4011,2016,2,8.020000381
3157,5340,2016,2,7.549999809
3216,5391,2016,2,5.425
3298,4434,2016,2,9.079999809
3307,4147,2016,2,6.019999809
3391,2365,2016,2,5.825000095
3555,4475,2016,2,6.839999809
3669,4159,2016,1,7.255000191
3704,2672,2016,1,5.395
3804,5387,2016,1,6.019999809
4068,1002,2016,2,6.919999905
4089,3551,2016,2,5.42
4114,4998,2016,1,6.154999809
4151,3489,2016,1,5.740000191
4171,917,2016,1,6.739999905
4219,3754,2016,1,6.554999905
4239,5561,2016,2,7.239999619
4383,4157,2016,1,6.039999905
4508,1006,2016,1,7.340000095
4641,550,2016,1,5.139999809
4668,5534,2016,1,4.23
4688,4473,2016,2,7.259999809
4690,3990,2016,1,7.180000095
4740,4261,2016,2,7.810000095
4935,4786,2016,2,5.64
5040,4435,2016,1,4.139999809
5054,2363,2016,2,5.825000095
5153,3351,2016,1,8.609999809
5272,98,2016,2,7.675000095
5280,3254,2016,1,6.839999809
5318,3582,2016,1,6.054999905
5342,5309,2016,1,5.810000095
5489,4681,2016,2,7.980000381
5538,4591,2016,2,6.554999905
5589,3223,2016,2,7.325000095
5734,5452,2016,2,8.32
3,2516,2017,1,4.680000095
61,4098,2017,1,5.379999905
163,3798,2017,1,5.755000191
208,58,2017,2,5.955
248,3074,2017,1,6.540000095
275,3212,2017,2,6.35
279,4576,2017,1,5.059999905
286,694,2017,2,4.365
308,2425,2017,1,8.039999619
421,2366,2017,2,7.91
423,1843,2017,1,3.7
469,5694,2017,2,6.32
556,5733,2017,1,5.799999905
565,3145,2017,1,6.094999809
698,5740,2017,1,3.110000048
708,3769,2017,1,6.240000191
760,1769,2017,1,6.41
774,4295,2017,1,5.180000095
850,2554,2017,1,6.839999809
943,2352,2017,1,5.989999809
1774,4680,2017,2,7.56
1821,3354,2017,2,6.855000095
1905,4013,2017,2,6.500000191
1957,4302,2017,1,5.639999809
1975,3257,2017,1,7.755000191
1978,147,2017,2,6.075000191
1992,2916,2017,1,7.609999809
2306,801,2017,1,5.799999905
2356,3030,2017,1,6.599999619
2448,2675,2017,1,6.339999809
2468,2904,2017,1,8.080000191
2536,3755,2017,2,4.024999905
2627,2915,2017,2,7.775
2714,4148,2017,2,5.925
2841,4015,2017,2,7.959999619
3089,3072,2017,1,6.524999905
3217,5391,2017,1,4.224999905
3221,3989,2017,2,8.459999619
3227,3336,2017,1,7.520000381
3236,3262,2017,1,7.440000381
3299,4434,2017,1,7.34
3384,846,2017,2,5.979999905
3392,2365,2017,1,7.079999809
3556,4475,2017,2,6.840000095
3670,4159,2017,1,8.629999619
3729,232,2017,2,6.839999809
3805,5387,2017,2,3.325000095
3946,3146,2017,2,6.839999809
4032,4381,2017,1,6.955
4090,3551,2017,2,7.210000191
4152,3489,2017,2,5.419999905
4172,917,2017,2,6.040000095
4240,5561,2017,2,6.73
4335,4293,2017,2,4.680000191
4452,4316,2017,2,7.299999905
4509,1006,2017,1,7.329999905
4628,5453,2017,1,6.825000095
4642,550,2017,2,7.759999809
4669,5534,2017,1,4.639999809
4729,696,2017,1,5.429999809
4741,4261,2017,2,8.455
4848,726,2017,1,6.44
5041,4435,2017,2,9.220000191
5074,4574,2017,2,4.440000191
5290,4738,2017,1,5.339999809
5366,4862,2017,2,7.810000095
5368,1953,2017,1,6.820000095
5490,4681,2017,2,6.840000095
5590,3223,2017,2,7.740000381
5746,3553,2017,1,5.64
62,4098,2018,1,4.624999809
70,1181,2018,2,6.195000191
77,5277,2018,1,5.839999809
83,3677,2018,2,5.739999905
183,2574,2018,1,4.650000191
276,3212,2018,2,5.979999809
470,5694,2018,1,3.974999809
557,5733,2018,2,5.699999809
563,5313,2018,2,6.925
690,711,2018,2,8.440000191
732,2555,2018,2,6.829999905
836,4677,2018,1,6.620000191
944,2352,2018,2,7.620000191
1067,107,2018,1,6.000000191
1958,4302,2018,1,5.180000095
1993,2916,2018,1,7.775
2005,3086,2018,1,7.440000191
2150,1999,2018,2,7.720000191
2340,4626,2018,2,6.64
2415,3296,2018,2,5.580000191
2449,2675,2018,1,5.575000191
2469,2904,2018,1,6.839999809
2597,5407,2018,2,7.519999809
2643,229,2018,2,8.425
2715,4148,2018,2,7.180000095
2762,5487,2018,2,6.040000095
2775,5488,2018,2,5.28
2828,5396,2018,2,5.180000095
2845,3490,2018,1,6.600000095
2862,230,2018,1,6.620000191
2920,231,2018,2,7.295000095
2934,145,2018,2,6.120000191
3148,4011,2018,2,8.219999619
3158,5340,2018,2,6.240000191
3308,4147,2018,1,6.594999809
3545,705,2018,1,5.240000191
3557,4475,2018,1,5.379999905
3591,161,2018,1,4.220000095
3806,5387,2018,1,4.78
3936,1012,2018,1,8.28
3947,3146,2018,1,6.44
4033,4381,2018,2,5.739999905
4069,1002,2018,1,5.310000095
4091,3551,2018,1,4.92
4153,3489,2018,1,4.94
4173,917,2018,2,7.180000095
4213,4218,2018,1,5.28
4629,5453,2018,2,7.225000191
4670,5534,2018,2,5.109999809
4730,696,2018,2,6.825000095
4733,4736,2018,1,5.839999809
4742,4261,2018,1,7.225000191
5273,98,2018,2,4.539999905
5281,3254,2018,1,6.374999905
5320,3582,2018,1,5.099999905
5343,5309,2018,2,4.44
5369,1953,2018,1,4.91
5539,4591,2018,1,7.325000095
5735,5452,2018,2,9.2
5747,3553,2018,1,5.979999809
4,2516,2019,2,5.38
63,4098,2019,1,6.440000191
172,2355,2019,2,6.44
270,4113,2019,1,6.825000095
287,694,2019,2,6.94
379,697,2019,1,5.940000191
422,2366,2019,2,7.594999809
471,5694,2019,1,6.929999809
627,3668,2019,1,6.530000191
709,3769,2019,1,6.255000191
734,466,2019,2,6.120000191
761,1769,2019,1,6.549999809
775,4295,2019,1,4.879999905
945,2352,2019,1,6.139999809
1068,107,2019,1,6.91
1123,3445,2019,2,7.710000191
1243,1120,2019,2,7.339999809
1959,4302,2019,1,5.885000095
1991,2917,2019,2,7.024999905
1994,2916,2019,2,7.609999809
2006,3086,2019,1,7.159999809
2151,1999,2019,1,7.92
2307,801,2019,2,8.74
2358,3030,2019,1,6.940000191
2581,4686,2019,2,6.255000191
2716,4148,2019,1,7.009999905
3122,3233,2019,2,8.070000381
3149,4011,2019,1,6.979999809
3229,3336,2019,1,9.725000191
3237,3262,2019,2,7.880000381
3309,4147,2019,1,8.495000381
3558,4475,2019,1,7.255000191
3592,161,2019,2,6.024999905
3937,1012,2019,1,7.030000191
3999,5378,2019,2,6.154999809
4017,2669,2019,2,8.620000191
4034,4381,2019,2,7.680000191
4092,3551,2019,2,7.740000381
4174,917,2019,2,5.720000095
4192,4149,2019,2,6.624999809
4336,4293,2019,1,5.28
4453,4316,2019,1,7.819999619
4510,1006,2019,2,8.225000191
4643,550,2019,2,6.580000191
4743,4261,2019,1,8.339999809
4816,4169,2019,1,7.42
5282,3254,2019,1,7.109999809
5345,3215,2019,2,4.479999809
5370,1953,2019,2,6.979999809
5491,4681,2019,2,7.880000381
5577,2932,2019,1,4.820000095
5716,3554,2019,1,6.180000095
5748,3553,2019,2,6.599999619